team,name,role,position,primary_position,eligible_positions,rating_source,sample_note
삼성 라이온즈,미야지,pitcher,투수,P,P,league_average_or_missing_2025,2026 규정 미달 + 2025 세부 기록 미입력: 임시 평균 보정
삼성 라이온즈,이재희,pitcher,투수,P,P,league_average_or_missing_2025,2026 규정 미달 + 2025 세부 기록 미입력: 임시 평균 보정
삼성 라이온즈,원태인,pitcher,투수,P,P,2025_previous_season_fallback,2026 규정이닝 미달: 2025 선발 성적 기반 보정
삼성 라이온즈,최원태,pitcher,투수,P,P,league_average_or_missing_2025,2026 규정 미달 + 2025 세부 기록 미입력: 임시 평균 보정
삼성 라이온즈,이승현(26),pitcher,투수,P,P,league_average_or_missing_2025,2026 규정 미달 + 2025 세부 기록 미입력: 임시 평균 보정
삼성 라이온즈,김태훈(27),pitcher,투수,P,P,league_average_or_missing_2025,2026 규정 미달 + 2025 세부 기록 미입력: 임시 평균 보정
삼성 라이온즈,이승민,pitcher,투수,P,P,league_average_or_missing_2025,2026 규정 미달 + 2025 세부 기록 미입력: 임시 평균 보정
삼성 라이온즈,임기영,pitcher,투수,P,P,league_average_or_missing_2025,2026 규정 미달 + 2025 세부 기록 미입력: 임시 평균 보정
삼성 라이온즈,양창섭,pitcher,투수,P,P,league_average_or_missing_2025,2026 규정 미달 + 2025 세부 기록 미입력: 임시 평균 보정
삼성 라이온즈,배찬승,pitcher,투수,P,P,league_average_or_missing_2025,2026 규정 미달 + 2025 세부 기록 미입력: 임시 평균 보정
삼성 라이온즈,이승현(57),pitcher,투수,P,P,league_average_or_missing_2025,2026 규정 미달 + 2025 세부 기록 미입력: 임시 평균 보정
삼성 라이온즈,페덱,pitcher,투수,P,P,league_average_or_missing_2025,2026 규정 미달 + 2025 세부 기록 미입력: 임시 평균 보정
삼성 라이온즈,김재윤,pitcher,투수,P,P,2025_previous_season_fallback,2026 규정이닝 미달: 불펜 2025 성적 기반 보정
삼성 라이온즈,김도환,batter,포수,C,C;DH,league_average_or_missing_2025,2026 규정 미달 + 2025 세부 기록 미입력: 임시 평균 보정
삼성 라이온즈,장승현,batter,포수,C,C;DH,league_average_or_missing_2025,2026 규정 미달 + 2025 세부 기록 미입력: 임시 평균 보정
삼성 라이온즈,강민호,batter,포수,C,C;DH,2025_previous_season_fallback,2026 규정타석 미달: 포수 포지션 2025/커리어 기반 보정
삼성 라이온즈,김영웅,batter,내야수,3B,1B;3B;DH,league_average_or_missing_2025,2026 규정 미달 + 2025 세부 기록 미입력: 임시 평균 보정
삼성 라이온즈,양우현,batter,내야수,2B,2B;SS;3B;DH,league_average_or_missing_2025,2026 규정 미달 + 2025 세부 기록 미입력: 임시 평균 보정
삼성 라이온즈,심재훈,batter,내야수,SS,2B;SS;DH,league_average_or_missing_2025,2026 규정 미달 + 2025 세부 기록 미입력: 임시 평균 보정
삼성 라이온즈,전병우,batter,내야수,1B,1B;3B;DH,league_average_or_missing_2025,2026 규정 미달 + 2025 세부 기록 미입력: 임시 평균 보정
삼성 라이온즈,이재현,batter,내야수,SS,SS;DH,league_average_or_missing_2025,2026 규정 미달 + 2025 세부 기록 미입력: 임시 평균 보정
삼성 라이온즈,김태훈(25),batter,외야수,RF,LF;RF;DH,league_average_or_missing_2025,2026 규정 미달 + 2025 세부 기록 미입력: 임시 평균 보정
삼성 라이온즈,김헌곤,batter,외야수,LF,LF;CF;RF;DH,league_average_or_missing_2025,2026 규정 미달 + 2025 세부 기록 미입력: 임시 평균 보정
삼성 라이온즈,김현준,batter,외야수,CF,CF;DH,league_average_or_missing_2025,2026 규정 미달 + 2025 세부 기록 미입력: 임시 평균 보정
KT 위즈,스기모토,pitcher,투수,P,P,league_average_or_missing_2025,2026 규정 미달 + 2025 세부 기록 미입력: 임시 평균 보정
KT 위즈,우규민,pitcher,투수,P,P,league_average_or_missing_2025,2026 규정 미달 + 2025 세부 기록 미입력: 임시 평균 보정
KT 위즈,배제성,pitcher,투수,P,P,league_average_or_missing_2025,2026 규정 미달 + 2025 세부 기록 미입력: 임시 평균 보정
KT 위즈,전용주,pitcher,투수,P,P,league_average_or_missing_2025,2026 규정 미달 + 2025 세부 기록 미입력: 임시 평균 보정
KT 위즈,소형준,pitcher,투수,P,P,league_average_or_missing_2025,2026 규정 미달 + 2025 세부 기록 미입력: 임시 평균 보정
KT 위즈,이상동,pitcher,투수,P,P,league_average_or_missing_2025,2026 규정 미달 + 2025 세부 기록 미입력: 임시 평균 보정
KT 위즈,주권,pitcher,투수,P,P,league_average_or_missing_2025,2026 규정 미달 + 2025 세부 기록 미입력: 임시 평균 보정
KT 위즈,손동현,pitcher,투수,P,P,league_average_or_missing_2025,2026 규정 미달 + 2025 세부 기록 미입력: 임시 평균 보정
KT 위즈,로건,pitcher,투수,P,P,league_average_or_missing_2025,2026 규정 미달 + 2025 세부 기록 미입력: 임시 평균 보정
KT 위즈,오원석,pitcher,투수,P,P,league_average_or_missing_2025,2026 규정 미달 + 2025 세부 기록 미입력: 임시 평균 보정
KT 위즈,박영현,pitcher,투수,P,P,2025_previous_season_fallback,2026 규정이닝 미달: 2025 SV 35 기반 마무리 보정
KT 위즈,장성우,batter,포수,C,C;DH,2025_previous_season_fallback,2026 규정타석 미달: 포수 포지션 2025/커리어 기반 보정
KT 위즈,조대현,batter,포수,C,C;DH,league_average_or_missing_2025,2026 규정 미달 + 2025 세부 기록 미입력: 임시 평균 보정
KT 위즈,한승택,batter,포수,C,C;DH,league_average_or_missing_2025,2026 규정 미달 + 2025 세부 기록 미입력: 임시 평균 보정
KT 위즈,허경민,batter,내야수,3B,3B;DH,league_average_or_missing_2025,2026 규정 미달 + 2025 세부 기록 미입력: 임시 평균 보정
KT 위즈,오윤석,batter,내야수,1B,1B;2B;3B;DH,league_average_or_missing_2025,2026 규정 미달 + 2025 세부 기록 미입력: 임시 평균 보정
KT 위즈,권동진,batter,내야수,2B,2B;SS;3B;DH,league_average_or_missing_2025,2026 규정 미달 + 2025 세부 기록 미입력: 임시 평균 보정
KT 위즈,장준원,batter,내야수,SS,2B;SS;3B;DH,league_average_or_missing_2025,2026 규정 미달 + 2025 세부 기록 미입력: 임시 평균 보정
KT 위즈,류현인,batter,내야수,2B,2B;SS;3B;DH,league_average_or_missing_2025,2026 규정 미달 + 2025 세부 기록 미입력: 임시 평균 보정
KT 위즈,안현민,batter,외야수,RF,1B;RF;DH,2025_previous_season_fallback,2026 규정타석 미달: 2025 타율 .334·PA 482·OPS 1.018 기반 보정
KT 위즈,배정대,batter,외야수,CF,CF;DH,league_average_or_missing_2025,2026 규정 미달 + 2025 세부 기록 미입력: 임시 평균 보정
KT 위즈,이정훈,batter,외야수,1B,1B;LF;DH,league_average_or_missing_2025,2026 규정 미달 + 2025 세부 기록 미입력: 임시 평균 보정
KT 위즈,장진혁,batter,외야수,LF,LF;CF;RF;DH,league_average_or_missing_2025,2026 규정 미달 + 2025 세부 기록 미입력: 임시 평균 보정
KT 위즈,김민혁,batter,외야수,LF,LF;CF;DH,league_average_or_missing_2025,2026 규정 미달 + 2025 세부 기록 미입력: 임시 평균 보정
LG 트윈스,함덕주,pitcher,투수,P,P,league_average_or_missing_2025,2026 규정 미달 + 2025 세부 기록 미입력: 임시 평균 보정
LG 트윈스,송승기,pitcher,투수,P,P,league_average_or_missing_2025,2026 규정 미달 + 2025 세부 기록 미입력: 임시 평균 보정
LG 트윈스,우강훈,pitcher,투수,P,P,league_average_or_missing_2025,2026 규정 미달 + 2025 세부 기록 미입력: 임시 평균 보정
LG 트윈스,이우찬,pitcher,투수,P,P,league_average_or_missing_2025,2026 규정 미달 + 2025 세부 기록 미입력: 임시 평균 보정
LG 트윈스,손주영,pitcher,투수,P,P,league_average_or_missing_2025,2026 규정 미달 + 2025 세부 기록 미입력: 임시 평균 보정
LG 트윈스,이정용,pitcher,투수,P,P,league_average_or_missing_2025,2026 규정 미달 + 2025 세부 기록 미입력: 임시 평균 보정
LG 트윈스,김진성,pitcher,투수,P,P,2025_previous_season_fallback,2026 규정이닝 미달: 불펜 2025 홀드권 성적 기반 보정
LG 트윈스,김진수,pitcher,투수,P,P,league_average_or_missing_2025,2026 규정 미달 + 2025 세부 기록 미입력: 임시 평균 보정
LG 트윈스,김윤식,pitcher,투수,P,P,league_average_or_missing_2025,2026 규정 미달 + 2025 세부 기록 미입력: 임시 평균 보정
LG 트윈스,박시원,pitcher,투수,LF,LF;CF;RF;DH,league_average_or_missing_2025,2026 규정 미달 + 2025 세부 기록 미입력: 임시 평균 보정
LG 트윈스,양우진,pitcher,투수,P,P,league_average_or_missing_2025,2026 규정 미달 + 2025 세부 기록 미입력: 임시 평균 보정
LG 트윈스,김영우,pitcher,투수,P,P,league_average_or_missing_2025,2026 규정 미달 + 2025 세부 기록 미입력: 임시 평균 보정
LG 트윈스,웰스,pitcher,투수,P,P,league_average_or_missing_2025,2026 규정 미달 + 2025 세부 기록 미입력: 임시 평균 보정
LG 트윈스,박동원,batter,포수,C,C;DH,2025_previous_season_fallback,2026 규정타석 미달: 포수 장타력 2025/커리어 기반 보정
LG 트윈스,이주헌,batter,포수,C,C;DH,league_average_or_missing_2025,2026 규정 미달 + 2025 세부 기록 미입력: 임시 평균 보정
LG 트윈스,오지환,batter,내야수,SS,SS;DH,league_average_or_missing_2025,2026 규정 미달 + 2025 세부 기록 미입력: 임시 평균 보정
LG 트윈스,문보경,batter,내야수,3B,1B;3B;DH,2025_previous_season_fallback,2026 규정타석 미달: 2025 중심타선 생산력 기반 보정
LG 트윈스,신민재,batter,내야수,2B,2B;DH,league_average_or_missing_2025,2026 규정 미달 + 2025 세부 기록 미입력: 임시 평균 보정
LG 트윈스,문정빈,batter,내야수,1B,1B;3B;DH,league_average_or_missing_2025,2026 규정 미달 + 2025 세부 기록 미입력: 임시 평균 보정
LG 트윈스,구본혁,batter,내야수,SS,2B;SS;3B;DH,league_average_or_missing_2025,2026 규정 미달 + 2025 세부 기록 미입력: 임시 평균 보정
LG 트윈스,이영빈,batter,내야수,2B,2B;SS;DH,league_average_or_missing_2025,2026 규정 미달 + 2025 세부 기록 미입력: 임시 평균 보정
LG 트윈스,최원영,batter,외야수,CF,LF;CF;RF;DH,league_average_or_missing_2025,2026 규정 미달 + 2025 세부 기록 미입력: 임시 평균 보정
LG 트윈스,홍창기,batter,외야수,RF,RF;DH,2025_previous_season_fallback,2026 규정타석 미달: 2025 출루형 외야수 보정
LG 트윈스,이재원,batter,외야수,RF,LF;RF;DH,league_average_or_missing_2025,2026 규정 미달 + 2025 세부 기록 미입력: 임시 평균 보정
LG 트윈스,송찬의,batter,외야수,RF,1B;RF;DH,league_average_or_missing_2025,2026 규정 미달 + 2025 세부 기록 미입력: 임시 평균 보정
LG 트윈스,문성주,batter,외야수,LF,LF;RF;DH,league_average_or_missing_2025,2026 규정 미달 + 2025 세부 기록 미입력: 임시 평균 보정
KIA 타이거즈,곽도규,pitcher,투수,P,P,league_average_or_missing_2025,2026 규정 미달 + 2025 세부 기록 미입력: 임시 평균 보정
KIA 타이거즈,조상우,pitcher,투수,P,P,league_average_or_missing_2025,2026 규정 미달 + 2025 세부 기록 미입력: 임시 평균 보정
KIA 타이거즈,이형범,pitcher,투수,P,P,league_average_or_missing_2025,2026 규정 미달 + 2025 세부 기록 미입력: 임시 평균 보정
KIA 타이거즈,황동하,pitcher,투수,P,P,league_average_or_missing_2025,2026 규정 미달 + 2025 세부 기록 미입력: 임시 평균 보정
KIA 타이거즈,이태양,pitcher,투수,P,P,league_average_or_missing_2025,2026 규정 미달 + 2025 세부 기록 미입력: 임시 평균 보정
KIA 타이거즈,이의리,pitcher,투수,P,P,league_average_or_missing_2025,2026 규정 미달 + 2025 세부 기록 미입력: 임시 평균 보정
KIA 타이거즈,김범수,pitcher,투수,P,P,league_average_or_missing_2025,2026 규정 미달 + 2025 세부 기록 미입력: 임시 평균 보정
KIA 타이거즈,전상현,pitcher,투수,P,P,league_average_or_missing_2025,2026 규정 미달 + 2025 세부 기록 미입력: 임시 평균 보정
KIA 타이거즈,양현종,pitcher,투수,P,P,2025_previous_season_fallback,2026 규정이닝 미달: 2025 선발 이닝 소화 기반 보정
KIA 타이거즈,한재승,pitcher,투수,P,P,league_average_or_missing_2025,2026 규정 미달 + 2025 세부 기록 미입력: 임시 평균 보정
KIA 타이거즈,정해영,pitcher,투수,P,P,2025_previous_season_fallback,2026 규정이닝 미달: 불펜/마무리 2025 성적 기반 보정
KIA 타이거즈,시라카와,pitcher,투수,P,P,league_average_or_missing_2025,2026 규정 미달 + 2025 세부 기록 미입력: 임시 평균 보정
KIA 타이거즈,성영탁,pitcher,투수,P,P,league_average_or_missing_2025,2026 규정 미달 + 2025 세부 기록 미입력: 임시 평균 보정
KIA 타이거즈,주효상,batter,포수,C,C;DH,league_average_or_missing_2025,2026 규정 미달 + 2025 세부 기록 미입력: 임시 평균 보정
KIA 타이거즈,한준수,batter,포수,C,C;DH,league_average_or_missing_2025,2026 규정 미달 + 2025 세부 기록 미입력: 임시 평균 보정
KIA 타이거즈,정현창,batter,내야수,2B,2B;SS;DH,league_average_or_missing_2025,2026 규정 미달 + 2025 세부 기록 미입력: 임시 평균 보정
KIA 타이거즈,김규성,batter,내야수,2B,2B;SS;3B;DH,league_average_or_missing_2025,2026 규정 미달 + 2025 세부 기록 미입력: 임시 평균 보정
KIA 타이거즈,윤도현,batter,내야수,3B,SS;3B;DH,2025_previous_season_fallback,2026 규정타석 미달: 2025 출전 기반 보정
KIA 타이거즈,변우혁,batter,내야수,1B,1B;3B;DH,league_average_or_missing_2025,2026 규정 미달 + 2025 세부 기록 미입력: 임시 평균 보정
KIA 타이거즈,김선빈,batter,내야수,2B,2B;DH,2025_previous_season_fallback,2026 규정타석 미달: 2025/커리어 출루형 내야수 보정
KIA 타이거즈,박상준,batter,내야수,1B,1B;3B;DH,league_average_or_missing_2025,2026 규정 미달 + 2025 세부 기록 미입력: 임시 평균 보정
KIA 타이거즈,박정우,batter,외야수,CF,LF;CF;RF;DH,league_average_or_missing_2025,2026 규정 미달 + 2025 세부 기록 미입력: 임시 평균 보정
KIA 타이거즈,박재현,batter,외야수,RF,LF;RF;DH,league_average_or_missing_2025,2026 규정 미달 + 2025 세부 기록 미입력: 임시 평균 보정
KIA 타이거즈,카스트로,batter,외야수,2B,2B;SS;3B;LF;DH,league_average_or_missing_2025,2026 규정 미달 + 2025 세부 기록 미입력: 임시 평균 보정
KIA 타이거즈,김민규,batter,외야수,LF,LF;RF;DH,league_average_or_missing_2025,2026 규정 미달 + 2025 세부 기록 미입력: 임시 평균 보정
두산 베어스,박치국,pitcher,투수,P,P,league_average_or_missing_2025,2026 규정 미달 + 2025 세부 기록 미입력: 임시 평균 보정
두산 베어스,타카다,pitcher,투수,P,P,league_average_or_missing_2025,2026 규정 미달 + 2025 세부 기록 미입력: 임시 평균 보정
두산 베어스,김정우,pitcher,투수,P,P,league_average_or_missing_2025,2026 규정 미달 + 2025 세부 기록 미입력: 임시 평균 보정
두산 베어스,최승용,pitcher,투수,P,P,league_average_or_missing_2025,2026 규정 미달 + 2025 세부 기록 미입력: 임시 평균 보정
두산 베어스,이병헌,pitcher,투수,P,P,league_average_or_missing_2025,2026 규정 미달 + 2025 세부 기록 미입력: 임시 평균 보정
두산 베어스,잭로그,pitcher,투수,P,P,league_average_or_missing_2025,2026 규정 미달 + 2025 세부 기록 미입력: 임시 평균 보정
두산 베어스,이용찬,pitcher,투수,P,P,league_average_or_missing_2025,2026 규정 미달 + 2025 세부 기록 미입력: 임시 평균 보정
두산 베어스,벤자민,pitcher,투수,P,P,league_average_or_missing_2025,2026 규정 미달 + 2025 세부 기록 미입력: 임시 평균 보정
두산 베어스,박신지,pitcher,투수,P,P,league_average_or_missing_2025,2026 규정 미달 + 2025 세부 기록 미입력: 임시 평균 보정
두산 베어스,이영하,pitcher,투수,P,P,league_average_or_missing_2025,2026 규정 미달 + 2025 세부 기록 미입력: 임시 평균 보정
두산 베어스,김택연,pitcher,투수,P,P,2025_previous_season_fallback,2026 규정이닝 미달: 불펜 2025 성적 기반 보정
두산 베어스,김한중,pitcher,투수,P,P,league_average_or_missing_2025,2026 규정 미달 + 2025 세부 기록 미입력: 임시 평균 보정
두산 베어스,김기연,batter,포수,C,C;DH,league_average_or_missing_2025,2026 규정 미달 + 2025 세부 기록 미입력: 임시 평균 보정
두산 베어스,양의지,batter,포수,C,C;DH,2025_previous_season_fallback,2026 규정타석 미달: 2025 타율 .337·PA 517·OPS .939 기반 보정
두산 베어스,윤준호,batter,포수,C,C;DH,league_average_or_missing_2025,2026 규정 미달 + 2025 세부 기록 미입력: 임시 평균 보정
두산 베어스,이유찬,batter,내야수,2B,2B;SS;3B;DH,league_average_or_missing_2025,2026 규정 미달 + 2025 세부 기록 미입력: 임시 평균 보정
두산 베어스,강승호,batter,내야수,2B,1B;2B;DH,league_average_or_missing_2025,2026 규정 미달 + 2025 세부 기록 미입력: 임시 평균 보정
두산 베어스,세베리노,batter,내야수,1B,1B;3B;DH,league_average_or_missing_2025,2026 규정 미달 + 2025 세부 기록 미입력: 임시 평균 보정
두산 베어스,박지훈,batter,내야수,3B,SS;3B;DH,league_average_or_missing_2025,2026 규정 미달 + 2025 세부 기록 미입력: 임시 평균 보정
두산 베어스,박준순,batter,내야수,2B,2B;SS;DH,league_average_or_missing_2025,2026 규정 미달 + 2025 세부 기록 미입력: 임시 평균 보정
두산 베어스,안재석,batter,내야수,SS,2B;SS;DH,league_average_or_missing_2025,2026 규정 미달 + 2025 세부 기록 미입력: 임시 평균 보정
두산 베어스,손아섭,batter,외야수,RF,RF;DH,league_average_or_missing_2025,2026 규정 미달 + 2025 세부 기록 미입력: 임시 평균 보정
두산 베어스,정수빈,batter,외야수,CF,CF;DH,league_average_or_missing_2025,2026 규정 미달 + 2025 세부 기록 미입력: 임시 평균 보정
두산 베어스,김대한,batter,외야수,RF,CF;RF;DH,league_average_or_missing_2025,2026 규정 미달 + 2025 세부 기록 미입력: 임시 평균 보정
두산 베어스,홍성호,batter,외야수,LF,1B;LF;RF;DH,league_average_or_missing_2025,2026 규정 미달 + 2025 세부 기록 미입력: 임시 평균 보정
두산 베어스,조수행,batter,외야수,CF,LF;CF;RF;DH,2025_previous_season_fallback,2026 규정타석 미달: 2025 도루 30 기반 보정
한화 이글스,이상규,pitcher,투수,P,P,league_average_or_missing_2025,2026 규정 미달 + 2025 세부 기록 미입력: 임시 평균 보정
한화 이글스,화이트,pitcher,투수,P,P,league_average_or_missing_2025,2026 규정 미달 + 2025 세부 기록 미입력: 임시 평균 보정
한화 이글스,이민우,pitcher,투수,P,P,league_average_or_missing_2025,2026 규정 미달 + 2025 세부 기록 미입력: 임시 평균 보정
한화 이글스,장유호,pitcher,투수,P,P,league_average_or_missing_2025,2026 규정 미달 + 2025 세부 기록 미입력: 임시 평균 보정
한화 이글스,이교훈,pitcher,투수,P,P,league_average_or_missing_2025,2026 규정 미달 + 2025 세부 기록 미입력: 임시 평균 보정
한화 이글스,김종수,pitcher,투수,P,P,league_average_or_missing_2025,2026 규정 미달 + 2025 세부 기록 미입력: 임시 평균 보정
한화 이글스,박재규,pitcher,투수,P,P,league_average_or_missing_2025,2026 규정 미달 + 2025 세부 기록 미입력: 임시 평균 보정
한화 이글스,강재민,pitcher,투수,P,P,league_average_or_missing_2025,2026 규정 미달 + 2025 세부 기록 미입력: 임시 평균 보정
한화 이글스,조동욱,pitcher,투수,P,P,league_average_or_missing_2025,2026 규정 미달 + 2025 세부 기록 미입력: 임시 평균 보정
한화 이글스,박상원,pitcher,투수,P,P,2025_previous_season_fallback,2026 규정이닝 미달: 불펜 2025 성적 기반 보정
한화 이글스,박준영(68),pitcher,투수,P,P,league_average_or_missing_2025,2026 규정 미달 + 2025 세부 기록 미입력: 임시 평균 보정
한화 이글스,박준영(96),pitcher,투수,P,P,league_average_or_missing_2025,2026 규정 미달 + 2025 세부 기록 미입력: 임시 평균 보정
한화 이글스,최재훈,batter,포수,C,C;DH,league_average_or_missing_2025,2026 규정 미달 + 2025 세부 기록 미입력: 임시 평균 보정
한화 이글스,장규현,batter,포수,C,C;DH,league_average_or_missing_2025,2026 규정 미달 + 2025 세부 기록 미입력: 임시 평균 보정
한화 이글스,허인서,batter,포수,C,C;DH,league_average_or_missing_2025,2026 규정 미달 + 2025 세부 기록 미입력: 임시 평균 보정
한화 이글스,정은원,batter,내야수,2B,2B;LF;DH,league_average_or_missing_2025,2026 규정 미달 + 2025 세부 기록 미입력: 임시 평균 보정
한화 이글스,이도윤,batter,내야수,SS,2B;SS;DH,league_average_or_missing_2025,2026 규정 미달 + 2025 세부 기록 미입력: 임시 평균 보정
한화 이글스,박정현,batter,내야수,2B,2B;SS;3B;DH,league_average_or_missing_2025,2026 규정 미달 + 2025 세부 기록 미입력: 임시 평균 보정
한화 이글스,심우준,batter,내야수,SS,SS;DH,league_average_or_missing_2025,2026 규정 미달 + 2025 세부 기록 미입력: 임시 평균 보정
한화 이글스,노시환,batter,내야수,3B,3B;DH,2025_previous_season_fallback,2026 규정타석 미달: 2025 HR 32·RBI 101 기반 보정
한화 이글스,황영묵,batter,내야수,2B,2B;SS;DH,league_average_or_missing_2025,2026 규정 미달 + 2025 세부 기록 미입력: 임시 평균 보정
한화 이글스,김태연,batter,외야수,1B,1B;LF;RF;DH,league_average_or_missing_2025,2026 규정 미달 + 2025 세부 기록 미입력: 임시 평균 보정
한화 이글스,한지윤,batter,외야수,LF,LF;RF;DH,league_average_or_missing_2025,2026 규정 미달 + 2025 세부 기록 미입력: 임시 평균 보정
한화 이글스,이원석,batter,외야수,CF,LF;CF;RF;DH,league_average_or_missing_2025,2026 규정 미달 + 2025 세부 기록 미입력: 임시 평균 보정
한화 이글스,최인호,batter,외야수,LF,LF;RF;DH,league_average_or_missing_2025,2026 규정 미달 + 2025 세부 기록 미입력: 임시 평균 보정
한화 이글스,오재원,batter,외야수,CF,LF;CF;RF;DH,league_average_or_missing_2025,2026 규정 미달 + 2025 세부 기록 미입력: 임시 평균 보정
NC 다이노스,토다,pitcher,투수,P,P,league_average_or_missing_2025,2026 규정 미달 + 2025 세부 기록 미입력: 임시 평균 보정
NC 다이노스,김준원,pitcher,투수,P,P,league_average_or_missing_2025,2026 규정 미달 + 2025 세부 기록 미입력: 임시 평균 보정
NC 다이노스,임지민,pitcher,투수,P,P,league_average_or_missing_2025,2026 규정 미달 + 2025 세부 기록 미입력: 임시 평균 보정
NC 다이노스,라일리,pitcher,투수,P,P,2025_previous_season_fallback,2026 규정이닝 미달: 2025 다승·탈삼진권 선발 성적 기반 보정
NC 다이노스,신영우,pitcher,투수,P,P,league_average_or_missing_2025,2026 규정 미달 + 2025 세부 기록 미입력: 임시 평균 보정
NC 다이노스,손주환,pitcher,투수,P,P,league_average_or_missing_2025,2026 규정 미달 + 2025 세부 기록 미입력: 임시 평균 보정
NC 다이노스,김진호,pitcher,투수,P,P,league_average_or_missing_2025,2026 규정 미달 + 2025 세부 기록 미입력: 임시 평균 보정
NC 다이노스,전사민,pitcher,투수,P,P,league_average_or_missing_2025,2026 규정 미달 + 2025 세부 기록 미입력: 임시 평균 보정
NC 다이노스,김태경,pitcher,투수,P,P,league_average_or_missing_2025,2026 규정 미달 + 2025 세부 기록 미입력: 임시 평균 보정
NC 다이노스,원종해,pitcher,투수,P,P,league_average_or_missing_2025,2026 규정 미달 + 2025 세부 기록 미입력: 임시 평균 보정
NC 다이노스,최요한,pitcher,투수,P,P,league_average_or_missing_2025,2026 규정 미달 + 2025 세부 기록 미입력: 임시 평균 보정
NC 다이노스,김태훈,pitcher,투수,P,P,league_average_or_missing_2025,2026 규정 미달 + 2025 세부 기록 미입력: 임시 평균 보정
NC 다이노스,안중열,batter,포수,C,C;DH,league_average_or_missing_2025,2026 규정 미달 + 2025 세부 기록 미입력: 임시 평균 보정
NC 다이노스,김형준,batter,포수,C,C;DH,league_average_or_missing_2025,2026 규정 미달 + 2025 세부 기록 미입력: 임시 평균 보정
NC 다이노스,김한별,batter,내야수,2B,2B;SS;DH,league_average_or_missing_2025,2026 규정 미달 + 2025 세부 기록 미입력: 임시 평균 보정
NC 다이노스,최정원,batter,내야수,2B,2B;DH,2025_previous_season_fallback,2026 규정타석 미달: 2025 도루 30 기반 보정
NC 다이노스,도태훈,batter,내야수,1B,1B;2B;3B;DH,league_average_or_missing_2025,2026 규정 미달 + 2025 세부 기록 미입력: 임시 평균 보정
NC 다이노스,한재환,batter,내야수,1B,1B;3B;DH,league_average_or_missing_2025,2026 규정 미달 + 2025 세부 기록 미입력: 임시 평균 보정
NC 다이노스,김휘집,batter,내야수,3B,SS;3B;DH,league_average_or_missing_2025,2026 규정 미달 + 2025 세부 기록 미입력: 임시 평균 보정
NC 다이노스,블레인,batter,내야수,1B,1B;DH,league_average_or_missing_2025,2026 규정 미달 + 2025 세부 기록 미입력: 임시 평균 보정
NC 다이노스,천재환,batter,외야수,LF,LF;RF;DH,league_average_or_missing_2025,2026 규정 미달 + 2025 세부 기록 미입력: 임시 평균 보정
NC 다이노스,권희동,batter,외야수,LF,LF;RF;DH,league_average_or_missing_2025,2026 규정 미달 + 2025 세부 기록 미입력: 임시 평균 보정
NC 다이노스,고준휘,batter,외야수,CF,LF;CF;RF;DH,league_average_or_missing_2025,2026 규정 미달 + 2025 세부 기록 미입력: 임시 평균 보정
NC 다이노스,박시원,batter,외야수,LF,LF;CF;RF;DH,league_average_or_missing_2025,2026 규정 미달 + 2025 세부 기록 미입력: 임시 평균 보정
롯데 자이언츠,현도훈,pitcher,투수,P,P,league_average_or_missing_2025,2026 규정 미달 + 2025 세부 기록 미입력: 임시 평균 보정
롯데 자이언츠,김강현,pitcher,투수,P,P,league_average_or_missing_2025,2026 규정 미달 + 2025 세부 기록 미입력: 임시 평균 보정
롯데 자이언츠,김원중,pitcher,투수,P,P,2025_previous_season_fallback,2026 규정이닝 미달: 2025 SV 32 기반 마무리 보정
롯데 자이언츠,이민석,pitcher,투수,P,P,league_average_or_missing_2025,2026 규정 미달 + 2025 세부 기록 미입력: 임시 평균 보정
롯데 자이언츠,이이무라,pitcher,투수,P,P,league_average_or_missing_2025,2026 규정 미달 + 2025 세부 기록 미입력: 임시 평균 보정
롯데 자이언츠,김기준,pitcher,투수,P,P,league_average_or_missing_2025,2026 규정 미달 + 2025 세부 기록 미입력: 임시 평균 보정
롯데 자이언츠,최준용,pitcher,투수,P,P,league_average_or_missing_2025,2026 규정 미달 + 2025 세부 기록 미입력: 임시 평균 보정
롯데 자이언츠,정철원,pitcher,투수,P,P,league_average_or_missing_2025,2026 규정 미달 + 2025 세부 기록 미입력: 임시 평균 보정
롯데 자이언츠,손성빈,batter,포수,C,C;DH,2025_previous_season_fallback,2026 규정타석 미달: 포수 포지션 2025 출전 기반 보정
롯데 자이언츠,박건우,batter,포수,C,C;DH,league_average_or_missing_2025,"동명이인 보호: NC 박건우 성적과 분리, 2025 세부 기록 미입력으로 평균 보정"
롯데 자이언츠,전민재,batter,내야수,SS,2B;SS;3B;DH,league_average_or_missing_2025,2026 규정 미달 + 2025 세부 기록 미입력: 임시 평균 보정
롯데 자이언츠,고승민,batter,내야수,2B,1B;2B;RF;DH,league_average_or_missing_2025,2026 규정 미달 + 2025 세부 기록 미입력: 임시 평균 보정
롯데 자이언츠,한동희,batter,내야수,3B,1B;3B;DH,league_average_or_missing_2025,2026 규정 미달 + 2025 세부 기록 미입력: 임시 평균 보정
롯데 자이언츠,김세민,batter,내야수,2B,2B;SS;DH,league_average_or_missing_2025,2026 규정 미달 + 2025 세부 기록 미입력: 임시 평균 보정
롯데 자이언츠,나승엽,batter,내야수,1B,1B;DH,league_average_or_missing_2025,2026 규정 미달 + 2025 세부 기록 미입력: 임시 평균 보정
롯데 자이언츠,노진혁,batter,내야수,SS,SS;3B;DH,league_average_or_missing_2025,2026 규정 미달 + 2025 세부 기록 미입력: 임시 평균 보정
롯데 자이언츠,박승욱,batter,내야수,SS,2B;SS;3B;DH,league_average_or_missing_2025,2026 규정 미달 + 2025 세부 기록 미입력: 임시 평균 보정
롯데 자이언츠,한태양,batter,내야수,2B,2B;SS;DH,league_average_or_missing_2025,2026 규정 미달 + 2025 세부 기록 미입력: 임시 평균 보정
롯데 자이언츠,박찬형,batter,내야수,SS,2B;SS;DH,league_average_or_missing_2025,2026 규정 미달 + 2025 세부 기록 미입력: 임시 평균 보정
롯데 자이언츠,황성빈,batter,외야수,LF,LF;CF;DH,league_average_or_missing_2025,2026 규정 미달 + 2025 세부 기록 미입력: 임시 평균 보정
롯데 자이언츠,김동혁,batter,외야수,CF,LF;CF;RF;DH,league_average_or_missing_2025,2026 규정 미달 + 2025 세부 기록 미입력: 임시 평균 보정
롯데 자이언츠,전준우,batter,외야수,LF,LF;DH,2025_previous_season_fallback,2026 규정타석 미달: 2025/커리어 중심타자 보정
롯데 자이언츠,윤동희,batter,외야수,CF,CF;RF;DH,league_average_or_missing_2025,2026 규정 미달 + 2025 세부 기록 미입력: 임시 평균 보정
롯데 자이언츠,김한홀,batter,외야수,CF,LF;CF;RF;DH,league_average_or_missing_2025,2026 규정 미달 + 2025 세부 기록 미입력: 임시 평균 보정
SSG 랜더스,김민,pitcher,투수,P,P,league_average_or_missing_2025,2026 규정 미달 + 2025 세부 기록 미입력: 임시 평균 보정
SSG 랜더스,이건욱,pitcher,투수,P,P,league_average_or_missing_2025,2026 규정 미달 + 2025 세부 기록 미입력: 임시 평균 보정
SSG 랜더스,조병현,pitcher,투수,P,P,2025_previous_season_fallback,2026 규정이닝 미달: 2025 SV 30 기반 마무리 보정
SSG 랜더스,서진용,pitcher,투수,P,P,league_average_or_missing_2025,2026 규정 미달 + 2025 세부 기록 미입력: 임시 평균 보정
SSG 랜더스,타케다,pitcher,투수,P,P,league_average_or_missing_2025,2026 규정 미달 + 2025 세부 기록 미입력: 임시 평균 보정
SSG 랜더스,전영준,pitcher,투수,P,P,league_average_or_missing_2025,2026 규정 미달 + 2025 세부 기록 미입력: 임시 평균 보정
SSG 랜더스,최민준,pitcher,투수,P,P,league_average_or_missing_2025,2026 규정 미달 + 2025 세부 기록 미입력: 임시 평균 보정
SSG 랜더스,아빌라,pitcher,투수,P,P,league_average_or_missing_2025,2026 규정 미달 + 2025 세부 기록 미입력: 임시 평균 보정
SSG 랜더스,노경은,pitcher,투수,P,P,league_average_or_missing_2025,2026 규정 미달 + 2025 세부 기록 미입력: 임시 평균 보정
SSG 랜더스,김건우,pitcher,투수,P,P,league_average_or_missing_2025,2026 규정 미달 + 2025 세부 기록 미입력: 임시 평균 보정
SSG 랜더스,김민준(40),pitcher,투수,P,P,league_average_or_missing_2025,2026 규정 미달 + 2025 세부 기록 미입력: 임시 평균 보정
SSG 랜더스,문승원,pitcher,투수,P,P,league_average_or_missing_2025,2026 규정 미달 + 2025 세부 기록 미입력: 임시 평균 보정
SSG 랜더스,해치,pitcher,투수,P,P,league_average_or_missing_2025,2026 규정 미달 + 2025 세부 기록 미입력: 임시 평균 보정
SSG 랜더스,박시후,pitcher,투수,P,P,league_average_or_missing_2025,2026 규정 미달 + 2025 세부 기록 미입력: 임시 평균 보정
SSG 랜더스,이로운,pitcher,투수,P,P,league_average_or_missing_2025,2026 규정 미달 + 2025 세부 기록 미입력: 임시 평균 보정
SSG 랜더스,조형우,batter,포수,C,C;DH,league_average_or_missing_2025,2026 규정 미달 + 2025 세부 기록 미입력: 임시 평균 보정
SSG 랜더스,이지영,batter,포수,C,C;DH,league_average_or_missing_2025,2026 규정 미달 + 2025 세부 기록 미입력: 임시 평균 보정
SSG 랜더스,정준재,batter,내야수,2B,2B;DH,2025_previous_season_fallback,2026 규정타석 미달: 2025 도루 37 기반 보정
SSG 랜더스,전의산,batter,내야수,1B,1B;DH,league_average_or_missing_2025,2026 규정 미달 + 2025 세부 기록 미입력: 임시 평균 보정
SSG 랜더스,김민준(5),batter,내야수,3B,1B;3B;DH,league_average_or_missing_2025,2026 규정 미달 + 2025 세부 기록 미입력: 임시 평균 보정
SSG 랜더스,최윤석,batter,내야수,SS,2B;SS;3B;DH,league_average_or_missing_2025,2026 규정 미달 + 2025 세부 기록 미입력: 임시 평균 보정
SSG 랜더스,홍대인,batter,내야수,1B,1B;3B;DH,league_average_or_missing_2025,2026 규정 미달 + 2025 세부 기록 미입력: 임시 평균 보정
SSG 랜더스,마드리스,batter,외야수,1B,1B;RF;DH,league_average_or_missing_2025,2026 규정 미달 + 2025 세부 기록 미입력: 임시 평균 보정
SSG 랜더스,채현우,batter,외야수,LF,LF;RF;DH,league_average_or_missing_2025,2026 규정 미달 + 2025 세부 기록 미입력: 임시 평균 보정
SSG 랜더스,김재환,batter,외야수,LF,LF;DH,league_average_or_missing_2025,2026 규정 미달 + 2025 세부 기록 미입력: 임시 평균 보정
SSG 랜더스,류효승,batter,외야수,1B,1B;LF;DH,league_average_or_missing_2025,2026 규정 미달 + 2025 세부 기록 미입력: 임시 평균 보정
SSG 랜더스,최지훈,batter,외야수,CF,CF;DH,league_average_or_missing_2025,2026 규정 미달 + 2025 세부 기록 미입력: 임시 평균 보정
SSG 랜더스,임근우,batter,외야수,LF,LF;CF;RF;DH,league_average_or_missing_2025,2026 규정 미달 + 2025 세부 기록 미입력: 임시 평균 보정
SSG 랜더스,최준우,batter,외야수,2B,1B;2B;3B;DH,league_average_or_missing_2025,2026 규정 미달 + 2025 세부 기록 미입력: 임시 평균 보정
키움 히어로즈,정현우,pitcher,투수,P,P,league_average_or_missing_2025,2026 규정 미달 + 2025 세부 기록 미입력: 임시 평균 보정
키움 히어로즈,박준현,pitcher,투수,P,P,league_average_or_missing_2025,2026 규정 미달 + 2025 세부 기록 미입력: 임시 평균 보정
키움 히어로즈,김윤하,pitcher,투수,P,P,league_average_or_missing_2025,2026 규정 미달 + 2025 세부 기록 미입력: 임시 평균 보정
키움 히어로즈,김재웅,pitcher,투수,P,P,league_average_or_missing_2025,2026 규정 미달 + 2025 세부 기록 미입력: 임시 평균 보정
키움 히어로즈,최현우,pitcher,투수,P,P,league_average_or_missing_2025,2026 규정 미달 + 2025 세부 기록 미입력: 임시 평균 보정
키움 히어로즈,박지성,pitcher,투수,P,P,league_average_or_missing_2025,2026 규정 미달 + 2025 세부 기록 미입력: 임시 평균 보정
키움 히어로즈,안우진,pitcher,투수,P,P,2025_previous_season_fallback,2026 규정이닝 미달: 2025/커리어 선발 구위 기반 보정
키움 히어로즈,정다훈,pitcher,투수,P,P,league_average_or_missing_2025,2026 규정 미달 + 2025 세부 기록 미입력: 임시 평균 보정
키움 히어로즈,원종현,pitcher,투수,P,P,league_average_or_missing_2025,2026 규정 미달 + 2025 세부 기록 미입력: 임시 평균 보정
키움 히어로즈,유토,pitcher,투수,P,P,league_average_or_missing_2025,2026 규정 미달 + 2025 세부 기록 미입력: 임시 평균 보정
키움 히어로즈,김선기,pitcher,투수,P,P,league_average_or_missing_2025,2026 규정 미달 + 2025 세부 기록 미입력: 임시 평균 보정
키움 히어로즈,하영민,pitcher,투수,P,P,league_average_or_missing_2025,2026 규정 미달 + 2025 세부 기록 미입력: 임시 평균 보정
키움 히어로즈,김성민,pitcher,투수,P,P,league_average_or_missing_2025,2026 규정 미달 + 2025 세부 기록 미입력: 임시 평균 보정
키움 히어로즈,박정훈,pitcher,투수,P,P,league_average_or_missing_2025,2026 규정 미달 + 2025 세부 기록 미입력: 임시 평균 보정
키움 히어로즈,김건희,batter,포수,C,C;1B;DH,league_average_or_missing_2025,2026 규정 미달 + 2025 세부 기록 미입력: 임시 평균 보정
키움 히어로즈,김동헌,batter,포수,C,C;DH,league_average_or_missing_2025,2026 규정 미달 + 2025 세부 기록 미입력: 임시 평균 보정
키움 히어로즈,권혁빈,batter,내야수,3B,1B;3B;DH,league_average_or_missing_2025,2026 규정 미달 + 2025 세부 기록 미입력: 임시 평균 보정
키움 히어로즈,김웅빈,batter,내야수,1B,1B;3B;DH,league_average_or_missing_2025,2026 규정 미달 + 2025 세부 기록 미입력: 임시 평균 보정
키움 히어로즈,서건창,batter,내야수,2B,2B;DH,league_average_or_missing_2025,2026 규정 미달 + 2025 세부 기록 미입력: 임시 평균 보정
키움 히어로즈,히우라,batter,내야수,2B,1B;2B;DH,league_average_or_missing_2025,2026 규정 미달 + 2025 세부 기록 미입력: 임시 평균 보정
키움 히어로즈,최재영,batter,내야수,SS,2B;SS;DH,league_average_or_missing_2025,2026 규정 미달 + 2025 세부 기록 미입력: 임시 평균 보정
키움 히어로즈,최주환,batter,내야수,1B,1B;2B;DH,2025_previous_season_fallback,2026 규정타석 미달: 2025/커리어 장타형 내야수 보정
키움 히어로즈,안치홍,batter,내야수,2B,1B;2B;DH,2025_previous_season_fallback,2026 규정타석 미달: 2025/커리어 내야수 보정
키움 히어로즈,여동욱,batter,내야수,SS,2B;SS;DH,league_average_or_missing_2025,2026 규정 미달 + 2025 세부 기록 미입력: 임시 평균 보정
키움 히어로즈,임병욱,batter,외야수,CF,CF;DH,league_average_or_missing_2025,2026 규정 미달 + 2025 세부 기록 미입력: 임시 평균 보정
키움 히어로즈,추재현,batter,외야수,LF,LF;RF;DH,league_average_or_missing_2025,2026 규정 미달 + 2025 세부 기록 미입력: 임시 평균 보정
키움 히어로즈,이형종,batter,외야수,RF,LF;RF;DH,league_average_or_missing_2025,2026 규정 미달 + 2025 세부 기록 미입력: 임시 평균 보정
키움 히어로즈,박찬혁,batter,외야수,LF,LF;RF;DH,league_average_or_missing_2025,2026 규정 미달 + 2025 세부 기록 미입력: 임시 평균 보정
키움 히어로즈,박채울,batter,외야수,CF,LF;CF;RF;DH,league_average_or_missing_2025,2026 규정 미달 + 2025 세부 기록 미입력: 임시 평균 보정
