game_id,date,away,home,venue,schedule_type
1,2026-03-28,KT 위즈,LG 트윈스,잠실,announced_135
2,2026-03-28,KIA 타이거즈,SSG 랜더스,문학,announced_135
3,2026-03-28,키움 히어로즈,한화 이글스,대전,announced_135
4,2026-03-28,롯데 자이언츠,삼성 라이온즈,대구,announced_135
5,2026-03-28,두산 베어스,NC 다이노스,창원,announced_135
6,2026-03-29,KT 위즈,LG 트윈스,잠실,announced_135
7,2026-03-29,KIA 타이거즈,SSG 랜더스,문학,announced_135
8,2026-03-29,키움 히어로즈,한화 이글스,대전,announced_135
9,2026-03-29,롯데 자이언츠,삼성 라이온즈,대구,announced_135
10,2026-03-29,두산 베어스,NC 다이노스,창원,announced_135
11,2026-03-31,KIA 타이거즈,LG 트윈스,잠실,announced_135
12,2026-03-31,키움 히어로즈,SSG 랜더스,문학,announced_135
13,2026-03-31,KT 위즈,한화 이글스,대전,announced_135
14,2026-03-31,두산 베어스,삼성 라이온즈,대구,announced_135
15,2026-03-31,롯데 자이언츠,NC 다이노스,창원,announced_135
16,2026-04-01,KIA 타이거즈,LG 트윈스,잠실,announced_135
17,2026-04-01,키움 히어로즈,SSG 랜더스,문학,announced_135
18,2026-04-01,KT 위즈,한화 이글스,대전,announced_135
19,2026-04-01,두산 베어스,삼성 라이온즈,대구,announced_135
20,2026-04-01,롯데 자이언츠,NC 다이노스,창원,announced_135
21,2026-04-02,KIA 타이거즈,LG 트윈스,잠실,announced_135
22,2026-04-02,키움 히어로즈,SSG 랜더스,문학,announced_135
23,2026-04-02,KT 위즈,한화 이글스,대전,announced_135
24,2026-04-02,두산 베어스,삼성 라이온즈,대구,announced_135
25,2026-04-02,롯데 자이언츠,NC 다이노스,창원,announced_135
26,2026-04-03,한화 이글스,두산 베어스,잠실,announced_135
27,2026-04-03,LG 트윈스,키움 히어로즈,고척,announced_135
28,2026-04-03,삼성 라이온즈,KT 위즈,수원,announced_135
29,2026-04-03,NC 다이노스,KIA 타이거즈,광주,announced_135
30,2026-04-03,SSG 랜더스,롯데 자이언츠,사직,announced_135
31,2026-04-04,한화 이글스,두산 베어스,잠실,announced_135
32,2026-04-04,LG 트윈스,키움 히어로즈,고척,announced_135
33,2026-04-04,삼성 라이온즈,KT 위즈,수원,announced_135
34,2026-04-04,NC 다이노스,KIA 타이거즈,광주,announced_135
35,2026-04-04,SSG 랜더스,롯데 자이언츠,사직,announced_135
36,2026-04-05,한화 이글스,두산 베어스,잠실,announced_135
37,2026-04-05,LG 트윈스,키움 히어로즈,고척,announced_135
38,2026-04-05,삼성 라이온즈,KT 위즈,수원,announced_135
39,2026-04-05,NC 다이노스,KIA 타이거즈,광주,announced_135
40,2026-04-05,SSG 랜더스,롯데 자이언츠,사직,announced_135
41,2026-04-07,키움 히어로즈,두산 베어스,잠실,announced_135
42,2026-04-07,한화 이글스,SSG 랜더스,문학,announced_135
43,2026-04-07,삼성 라이온즈,KIA 타이거즈,광주,announced_135
44,2026-04-07,KT 위즈,롯데 자이언츠,사직,announced_135
45,2026-04-07,LG 트윈스,NC 다이노스,창원,announced_135
46,2026-04-08,키움 히어로즈,두산 베어스,잠실,announced_135
47,2026-04-08,한화 이글스,SSG 랜더스,문학,announced_135
48,2026-04-08,삼성 라이온즈,KIA 타이거즈,광주,announced_135
49,2026-04-08,KT 위즈,롯데 자이언츠,사직,announced_135
50,2026-04-08,LG 트윈스,NC 다이노스,창원,announced_135
51,2026-04-09,키움 히어로즈,두산 베어스,잠실,announced_135
52,2026-04-09,한화 이글스,SSG 랜더스,문학,announced_135
53,2026-04-09,삼성 라이온즈,KIA 타이거즈,광주,announced_135
54,2026-04-09,KT 위즈,롯데 자이언츠,사직,announced_135
55,2026-04-09,LG 트윈스,NC 다이노스,창원,announced_135
56,2026-04-10,SSG 랜더스,LG 트윈스,잠실,announced_135
57,2026-04-10,롯데 자이언츠,키움 히어로즈,고척,announced_135
58,2026-04-10,두산 베어스,KT 위즈,수원,announced_135
59,2026-04-10,KIA 타이거즈,한화 이글스,대전,announced_135
60,2026-04-10,NC 다이노스,삼성 라이온즈,대구,announced_135
61,2026-04-11,SSG 랜더스,LG 트윈스,잠실,announced_135
62,2026-04-11,롯데 자이언츠,키움 히어로즈,고척,announced_135
63,2026-04-11,두산 베어스,KT 위즈,수원,announced_135
64,2026-04-11,KIA 타이거즈,한화 이글스,대전,announced_135
65,2026-04-11,NC 다이노스,삼성 라이온즈,대구,announced_135
66,2026-04-12,SSG 랜더스,LG 트윈스,잠실,announced_135
67,2026-04-12,롯데 자이언츠,키움 히어로즈,고척,announced_135
68,2026-04-12,두산 베어스,KT 위즈,수원,announced_135
69,2026-04-12,KIA 타이거즈,한화 이글스,대전,announced_135
70,2026-04-12,NC 다이노스,삼성 라이온즈,대구,announced_135
71,2026-04-14,롯데 자이언츠,LG 트윈스,잠실,announced_135
72,2026-04-14,두산 베어스,SSG 랜더스,문학,announced_135
73,2026-04-14,삼성 라이온즈,한화 이글스,대전,announced_135
74,2026-04-14,키움 히어로즈,KIA 타이거즈,광주,announced_135
75,2026-04-14,KT 위즈,NC 다이노스,창원,announced_135
76,2026-04-15,롯데 자이언츠,LG 트윈스,잠실,announced_135
77,2026-04-15,두산 베어스,SSG 랜더스,문학,announced_135
78,2026-04-15,삼성 라이온즈,한화 이글스,대전,announced_135
79,2026-04-15,키움 히어로즈,KIA 타이거즈,광주,announced_135
80,2026-04-15,KT 위즈,NC 다이노스,창원,announced_135
81,2026-04-16,롯데 자이언츠,LG 트윈스,잠실,announced_135
82,2026-04-16,두산 베어스,SSG 랜더스,문학,announced_135
83,2026-04-16,삼성 라이온즈,한화 이글스,대전,announced_135
84,2026-04-16,키움 히어로즈,KIA 타이거즈,광주,announced_135
85,2026-04-16,KT 위즈,NC 다이노스,창원,announced_135
86,2026-04-17,KIA 타이거즈,두산 베어스,잠실,announced_135
87,2026-04-17,키움 히어로즈,KT 위즈,수원,announced_135
88,2026-04-17,LG 트윈스,삼성 라이온즈,대구,announced_135
89,2026-04-17,한화 이글스,롯데 자이언츠,사직,announced_135
90,2026-04-17,SSG 랜더스,NC 다이노스,창원,announced_135
91,2026-04-18,KIA 타이거즈,두산 베어스,잠실,announced_135
92,2026-04-18,키움 히어로즈,KT 위즈,수원,announced_135
93,2026-04-18,LG 트윈스,삼성 라이온즈,대구,announced_135
94,2026-04-18,한화 이글스,롯데 자이언츠,사직,announced_135
95,2026-04-18,SSG 랜더스,NC 다이노스,창원,announced_135
96,2026-04-19,KIA 타이거즈,두산 베어스,잠실,announced_135
97,2026-04-19,키움 히어로즈,KT 위즈,수원,announced_135
98,2026-04-19,LG 트윈스,삼성 라이온즈,대구,announced_135
99,2026-04-19,한화 이글스,롯데 자이언츠,사직,announced_135
100,2026-04-19,SSG 랜더스,NC 다이노스,창원,announced_135
101,2026-04-21,한화 이글스,LG 트윈스,잠실,announced_135
102,2026-04-21,NC 다이노스,키움 히어로즈,고척,announced_135
103,2026-04-21,KIA 타이거즈,KT 위즈,수원,announced_135
104,2026-04-21,SSG 랜더스,삼성 라이온즈,대구,announced_135
105,2026-04-21,두산 베어스,롯데 자이언츠,사직,announced_135
106,2026-04-22,한화 이글스,LG 트윈스,잠실,announced_135
107,2026-04-22,NC 다이노스,키움 히어로즈,고척,announced_135
108,2026-04-22,KIA 타이거즈,KT 위즈,수원,announced_135
109,2026-04-22,SSG 랜더스,삼성 라이온즈,대구,announced_135
110,2026-04-22,두산 베어스,롯데 자이언츠,사직,announced_135
111,2026-04-23,한화 이글스,LG 트윈스,잠실,announced_135
112,2026-04-23,NC 다이노스,키움 히어로즈,고척,announced_135
113,2026-04-23,KIA 타이거즈,KT 위즈,수원,announced_135
114,2026-04-23,SSG 랜더스,삼성 라이온즈,대구,announced_135
115,2026-04-23,두산 베어스,롯데 자이언츠,사직,announced_135
116,2026-04-24,LG 트윈스,두산 베어스,잠실,announced_135
117,2026-04-24,삼성 라이온즈,키움 히어로즈,고척,announced_135
118,2026-04-24,KT 위즈,SSG 랜더스,문학,announced_135
119,2026-04-24,NC 다이노스,한화 이글스,대전,announced_135
120,2026-04-24,롯데 자이언츠,KIA 타이거즈,광주,announced_135
121,2026-04-25,LG 트윈스,두산 베어스,잠실,announced_135
122,2026-04-25,삼성 라이온즈,키움 히어로즈,고척,announced_135
123,2026-04-25,KT 위즈,SSG 랜더스,문학,announced_135
124,2026-04-25,NC 다이노스,한화 이글스,대전,announced_135
125,2026-04-25,롯데 자이언츠,KIA 타이거즈,광주,announced_135
126,2026-04-26,LG 트윈스,두산 베어스,잠실,announced_135
127,2026-04-26,삼성 라이온즈,키움 히어로즈,고척,announced_135
128,2026-04-26,KT 위즈,SSG 랜더스,문학,announced_135
129,2026-04-26,NC 다이노스,한화 이글스,대전,announced_135
130,2026-04-26,롯데 자이언츠,KIA 타이거즈,광주,announced_135
131,2026-04-28,삼성 라이온즈,두산 베어스,잠실,announced_135
132,2026-04-28,LG 트윈스,KT 위즈,수원,announced_135
133,2026-04-28,SSG 랜더스,한화 이글스,대전,announced_135
134,2026-04-28,키움 히어로즈,롯데 자이언츠,사직,announced_135
135,2026-04-28,KIA 타이거즈,NC 다이노스,창원,announced_135
136,2026-04-29,삼성 라이온즈,두산 베어스,잠실,announced_135
137,2026-04-29,LG 트윈스,KT 위즈,수원,announced_135
138,2026-04-29,SSG 랜더스,한화 이글스,대전,announced_135
139,2026-04-29,키움 히어로즈,롯데 자이언츠,사직,announced_135
140,2026-04-29,KIA 타이거즈,NC 다이노스,창원,announced_135
141,2026-04-30,삼성 라이온즈,두산 베어스,잠실,announced_135
142,2026-04-30,LG 트윈스,KT 위즈,수원,announced_135
143,2026-04-30,SSG 랜더스,한화 이글스,대전,announced_135
144,2026-04-30,키움 히어로즈,롯데 자이언츠,사직,announced_135
145,2026-04-30,KIA 타이거즈,NC 다이노스,창원,announced_135
146,2026-05-01,NC 다이노스,LG 트윈스,잠실,announced_135
147,2026-05-01,두산 베어스,키움 히어로즈,고척,announced_135
148,2026-05-01,롯데 자이언츠,SSG 랜더스,문학,announced_135
149,2026-05-01,한화 이글스,삼성 라이온즈,대구,announced_135
150,2026-05-01,KT 위즈,KIA 타이거즈,광주,announced_135
151,2026-05-02,NC 다이노스,LG 트윈스,잠실,announced_135
152,2026-05-02,두산 베어스,키움 히어로즈,고척,announced_135
153,2026-05-02,롯데 자이언츠,SSG 랜더스,문학,announced_135
154,2026-05-02,한화 이글스,삼성 라이온즈,대구,announced_135
155,2026-05-02,KT 위즈,KIA 타이거즈,광주,announced_135
156,2026-05-03,NC 다이노스,LG 트윈스,잠실,announced_135
157,2026-05-03,두산 베어스,키움 히어로즈,고척,announced_135
158,2026-05-03,롯데 자이언츠,SSG 랜더스,문학,announced_135
159,2026-05-03,한화 이글스,삼성 라이온즈,대구,announced_135
160,2026-05-03,KT 위즈,KIA 타이거즈,광주,announced_135
161,2026-05-05,두산 베어스,LG 트윈스,잠실,announced_135
162,2026-05-05,NC 다이노스,SSG 랜더스,문학,announced_135
163,2026-05-05,롯데 자이언츠,KT 위즈,수원,announced_135
164,2026-05-05,키움 히어로즈,삼성 라이온즈,대구,announced_135
165,2026-05-05,한화 이글스,KIA 타이거즈,광주,announced_135
166,2026-05-06,두산 베어스,LG 트윈스,잠실,announced_135
167,2026-05-06,NC 다이노스,SSG 랜더스,문학,announced_135
168,2026-05-06,롯데 자이언츠,KT 위즈,수원,announced_135
169,2026-05-06,키움 히어로즈,삼성 라이온즈,대구,announced_135
170,2026-05-06,한화 이글스,KIA 타이거즈,광주,announced_135
171,2026-05-07,두산 베어스,LG 트윈스,잠실,announced_135
172,2026-05-07,NC 다이노스,SSG 랜더스,문학,announced_135
173,2026-05-07,롯데 자이언츠,KT 위즈,수원,announced_135
174,2026-05-07,키움 히어로즈,삼성 라이온즈,대구,announced_135
175,2026-05-07,한화 이글스,KIA 타이거즈,광주,announced_135
176,2026-05-08,SSG 랜더스,두산 베어스,잠실,announced_135
177,2026-05-08,KT 위즈,키움 히어로즈,고척,announced_135
178,2026-05-08,LG 트윈스,한화 이글스,대전,announced_135
179,2026-05-08,KIA 타이거즈,롯데 자이언츠,사직,announced_135
180,2026-05-08,삼성 라이온즈,NC 다이노스,창원,announced_135
181,2026-05-09,SSG 랜더스,두산 베어스,잠실,announced_135
182,2026-05-09,KT 위즈,키움 히어로즈,고척,announced_135
183,2026-05-09,LG 트윈스,한화 이글스,대전,announced_135
184,2026-05-09,KIA 타이거즈,롯데 자이언츠,사직,announced_135
185,2026-05-09,삼성 라이온즈,NC 다이노스,창원,announced_135
186,2026-05-10,SSG 랜더스,두산 베어스,잠실,announced_135
187,2026-05-10,KT 위즈,키움 히어로즈,고척,announced_135
188,2026-05-10,LG 트윈스,한화 이글스,대전,announced_135
189,2026-05-10,KIA 타이거즈,롯데 자이언츠,사직,announced_135
190,2026-05-10,삼성 라이온즈,NC 다이노스,창원,announced_135
191,2026-05-12,삼성 라이온즈,LG 트윈스,잠실,announced_135
192,2026-05-12,한화 이글스,키움 히어로즈,고척,announced_135
193,2026-05-12,SSG 랜더스,KT 위즈,수원,announced_135
194,2026-05-12,두산 베어스,KIA 타이거즈,광주,announced_135
195,2026-05-12,NC 다이노스,롯데 자이언츠,사직,announced_135
196,2026-05-13,삼성 라이온즈,LG 트윈스,잠실,announced_135
197,2026-05-13,한화 이글스,키움 히어로즈,고척,announced_135
198,2026-05-13,SSG 랜더스,KT 위즈,수원,announced_135
199,2026-05-13,두산 베어스,KIA 타이거즈,광주,announced_135
200,2026-05-13,NC 다이노스,롯데 자이언츠,사직,announced_135
201,2026-05-14,삼성 라이온즈,LG 트윈스,잠실,announced_135
202,2026-05-14,한화 이글스,키움 히어로즈,고척,announced_135
203,2026-05-14,SSG 랜더스,KT 위즈,수원,announced_135
204,2026-05-14,두산 베어스,KIA 타이거즈,광주,announced_135
205,2026-05-14,NC 다이노스,롯데 자이언츠,사직,announced_135
206,2026-05-15,롯데 자이언츠,두산 베어스,잠실,announced_135
207,2026-05-15,LG 트윈스,SSG 랜더스,문학,announced_135
208,2026-05-15,한화 이글스,KT 위즈,수원,announced_135
209,2026-05-15,KIA 타이거즈,삼성 라이온즈,대구,announced_135
210,2026-05-15,키움 히어로즈,NC 다이노스,창원,announced_135
211,2026-05-16,롯데 자이언츠,두산 베어스,잠실,announced_135
212,2026-05-16,LG 트윈스,SSG 랜더스,문학,announced_135
213,2026-05-16,한화 이글스,KT 위즈,수원,announced_135
214,2026-05-16,KIA 타이거즈,삼성 라이온즈,대구,announced_135
215,2026-05-16,키움 히어로즈,NC 다이노스,창원,announced_135
216,2026-05-17,롯데 자이언츠,두산 베어스,잠실,announced_135
217,2026-05-17,LG 트윈스,SSG 랜더스,문학,announced_135
218,2026-05-17,한화 이글스,KT 위즈,수원,announced_135
219,2026-05-17,KIA 타이거즈,삼성 라이온즈,대구,announced_135
220,2026-05-17,키움 히어로즈,NC 다이노스,창원,announced_135
221,2026-05-19,NC 다이노스,두산 베어스,잠실,announced_135
222,2026-05-19,SSG 랜더스,키움 히어로즈,고척,announced_135
223,2026-05-19,롯데 자이언츠,한화 이글스,대전,announced_135
224,2026-05-19,KT 위즈,삼성 라이온즈,대구,announced_135
225,2026-05-19,LG 트윈스,KIA 타이거즈,광주,announced_135
226,2026-05-20,NC 다이노스,두산 베어스,잠실,announced_135
227,2026-05-20,SSG 랜더스,키움 히어로즈,고척,announced_135
228,2026-05-20,롯데 자이언츠,한화 이글스,대전,announced_135
229,2026-05-20,KT 위즈,삼성 라이온즈,대구,announced_135
230,2026-05-20,LG 트윈스,KIA 타이거즈,광주,announced_135
231,2026-05-21,NC 다이노스,두산 베어스,잠실,announced_135
232,2026-05-21,SSG 랜더스,키움 히어로즈,고척,announced_135
233,2026-05-21,롯데 자이언츠,한화 이글스,대전,announced_135
234,2026-05-21,KT 위즈,삼성 라이온즈,대구,announced_135
235,2026-05-21,LG 트윈스,KIA 타이거즈,광주,announced_135
236,2026-05-22,키움 히어로즈,LG 트윈스,잠실,announced_135
237,2026-05-22,NC 다이노스,KT 위즈,수원,announced_135
238,2026-05-22,두산 베어스,한화 이글스,대전,announced_135
239,2026-05-22,SSG 랜더스,KIA 타이거즈,광주,announced_135
240,2026-05-22,삼성 라이온즈,롯데 자이언츠,사직,announced_135
241,2026-05-23,키움 히어로즈,LG 트윈스,잠실,announced_135
242,2026-05-23,NC 다이노스,KT 위즈,수원,announced_135
243,2026-05-23,두산 베어스,한화 이글스,대전,announced_135
244,2026-05-23,SSG 랜더스,KIA 타이거즈,광주,announced_135
245,2026-05-23,삼성 라이온즈,롯데 자이언츠,사직,announced_135
246,2026-05-24,키움 히어로즈,LG 트윈스,잠실,announced_135
247,2026-05-24,NC 다이노스,KT 위즈,수원,announced_135
248,2026-05-24,두산 베어스,한화 이글스,대전,announced_135
249,2026-05-24,SSG 랜더스,KIA 타이거즈,광주,announced_135
250,2026-05-24,삼성 라이온즈,롯데 자이언츠,사직,announced_135
251,2026-05-26,KT 위즈,두산 베어스,잠실,announced_135
252,2026-05-26,KIA 타이거즈,키움 히어로즈,고척,announced_135
253,2026-05-26,삼성 라이온즈,SSG 랜더스,문학,announced_135
254,2026-05-26,LG 트윈스,롯데 자이언츠,사직,announced_135
255,2026-05-26,한화 이글스,NC 다이노스,창원,announced_135
256,2026-05-27,KT 위즈,두산 베어스,잠실,announced_135
257,2026-05-27,KIA 타이거즈,키움 히어로즈,고척,announced_135
258,2026-05-27,삼성 라이온즈,SSG 랜더스,문학,announced_135
259,2026-05-27,LG 트윈스,롯데 자이언츠,사직,announced_135
260,2026-05-27,한화 이글스,NC 다이노스,창원,announced_135
261,2026-05-28,KT 위즈,두산 베어스,잠실,announced_135
262,2026-05-28,KIA 타이거즈,키움 히어로즈,고척,announced_135
263,2026-05-28,삼성 라이온즈,SSG 랜더스,문학,announced_135
264,2026-05-28,LG 트윈스,롯데 자이언츠,사직,announced_135
265,2026-05-28,한화 이글스,NC 다이노스,창원,announced_135
266,2026-05-29,KIA 타이거즈,LG 트윈스,잠실,announced_135
267,2026-05-29,KT 위즈,키움 히어로즈,고척,announced_135
268,2026-05-29,SSG 랜더스,한화 이글스,대전,announced_135
269,2026-05-29,두산 베어스,삼성 라이온즈,대구,announced_135
270,2026-05-29,롯데 자이언츠,NC 다이노스,창원,announced_135
271,2026-05-30,KIA 타이거즈,LG 트윈스,잠실,announced_135
272,2026-05-30,KT 위즈,키움 히어로즈,고척,announced_135
273,2026-05-30,SSG 랜더스,한화 이글스,대전,announced_135
274,2026-05-30,두산 베어스,삼성 라이온즈,대구,announced_135
275,2026-05-30,롯데 자이언츠,NC 다이노스,창원,announced_135
276,2026-05-31,KIA 타이거즈,LG 트윈스,잠실,announced_135
277,2026-05-31,KT 위즈,키움 히어로즈,고척,announced_135
278,2026-05-31,SSG 랜더스,한화 이글스,대전,announced_135
279,2026-05-31,두산 베어스,삼성 라이온즈,대구,announced_135
280,2026-05-31,롯데 자이언츠,NC 다이노스,창원,announced_135
281,2026-06-02,한화 이글스,두산 베어스,잠실,announced_135
282,2026-06-02,키움 히어로즈,SSG 랜더스,문학,announced_135
283,2026-06-02,LG 트윈스,KT 위즈,수원,announced_135
284,2026-06-02,NC 다이노스,삼성 라이온즈,대구,announced_135
285,2026-06-02,롯데 자이언츠,KIA 타이거즈,광주,announced_135
286,2026-06-03,한화 이글스,두산 베어스,잠실,announced_135
287,2026-06-03,키움 히어로즈,SSG 랜더스,문학,announced_135
288,2026-06-03,LG 트윈스,KT 위즈,수원,announced_135
289,2026-06-03,NC 다이노스,삼성 라이온즈,대구,announced_135
290,2026-06-03,롯데 자이언츠,KIA 타이거즈,광주,announced_135
291,2026-06-04,한화 이글스,두산 베어스,잠실,announced_135
292,2026-06-04,키움 히어로즈,SSG 랜더스,문학,announced_135
293,2026-06-04,LG 트윈스,KT 위즈,수원,announced_135
294,2026-06-04,NC 다이노스,삼성 라이온즈,대구,announced_135
295,2026-06-04,롯데 자이언츠,KIA 타이거즈,광주,announced_135
296,2026-06-05,키움 히어로즈,두산 베어스,잠실,announced_135
297,2026-06-05,KT 위즈,SSG 랜더스,문학,announced_135
298,2026-06-05,삼성 라이온즈,KIA 타이거즈,광주,announced_135
299,2026-06-05,한화 이글스,롯데 자이언츠,사직,announced_135
300,2026-06-05,LG 트윈스,NC 다이노스,창원,announced_135
301,2026-06-06,키움 히어로즈,두산 베어스,잠실,announced_135
302,2026-06-06,KT 위즈,SSG 랜더스,문학,announced_135
303,2026-06-06,삼성 라이온즈,KIA 타이거즈,광주,announced_135
304,2026-06-06,한화 이글스,롯데 자이언츠,사직,announced_135
305,2026-06-06,LG 트윈스,NC 다이노스,창원,announced_135
306,2026-06-07,키움 히어로즈,두산 베어스,잠실,announced_135
307,2026-06-07,KT 위즈,SSG 랜더스,문학,announced_135
308,2026-06-07,삼성 라이온즈,KIA 타이거즈,광주,announced_135
309,2026-06-07,한화 이글스,롯데 자이언츠,사직,announced_135
310,2026-06-07,LG 트윈스,NC 다이노스,창원,announced_135
311,2026-06-09,SSG 랜더스,LG 트윈스,잠실,announced_135
312,2026-06-09,NC 다이노스,키움 히어로즈,고척,announced_135
313,2026-06-09,삼성 라이온즈,KT 위즈,수원,announced_135
314,2026-06-09,KIA 타이거즈,한화 이글스,대전,announced_135
315,2026-06-09,두산 베어스,롯데 자이언츠,사직,announced_135
316,2026-06-10,SSG 랜더스,LG 트윈스,잠실,announced_135
317,2026-06-10,NC 다이노스,키움 히어로즈,고척,announced_135
318,2026-06-10,삼성 라이온즈,KT 위즈,수원,announced_135
319,2026-06-10,KIA 타이거즈,한화 이글스,대전,announced_135
320,2026-06-10,두산 베어스,롯데 자이언츠,사직,announced_135
321,2026-06-11,SSG 랜더스,LG 트윈스,잠실,announced_135
322,2026-06-11,NC 다이노스,키움 히어로즈,고척,announced_135
323,2026-06-11,삼성 라이온즈,KT 위즈,수원,announced_135
324,2026-06-11,KIA 타이거즈,한화 이글스,대전,announced_135
325,2026-06-11,두산 베어스,롯데 자이언츠,사직,announced_135
326,2026-06-12,롯데 자이언츠,LG 트윈스,잠실,announced_135
327,2026-06-12,한화 이글스,키움 히어로즈,고척,announced_135
328,2026-06-12,NC 다이노스,KT 위즈,수원,announced_135
329,2026-06-12,SSG 랜더스,삼성 라이온즈,대구,announced_135
330,2026-06-12,두산 베어스,KIA 타이거즈,광주,announced_135
331,2026-06-13,롯데 자이언츠,LG 트윈스,잠실,announced_135
332,2026-06-13,한화 이글스,키움 히어로즈,고척,announced_135
333,2026-06-13,NC 다이노스,KT 위즈,수원,announced_135
334,2026-06-13,SSG 랜더스,삼성 라이온즈,대구,announced_135
335,2026-06-13,두산 베어스,KIA 타이거즈,광주,announced_135
336,2026-06-14,롯데 자이언츠,LG 트윈스,잠실,announced_135
337,2026-06-14,한화 이글스,키움 히어로즈,고척,announced_135
338,2026-06-14,NC 다이노스,KT 위즈,수원,announced_135
339,2026-06-14,SSG 랜더스,삼성 라이온즈,대구,announced_135
340,2026-06-14,두산 베어스,KIA 타이거즈,광주,announced_135
341,2026-06-16,KT 위즈,두산 베어스,잠실,announced_135
342,2026-06-16,롯데 자이언츠,SSG 랜더스,문학,announced_135
343,2026-06-16,키움 히어로즈,삼성 라이온즈,대구,announced_135
344,2026-06-16,LG 트윈스,KIA 타이거즈,광주,announced_135
345,2026-06-16,한화 이글스,NC 다이노스,창원,announced_135
346,2026-06-17,KT 위즈,두산 베어스,잠실,announced_135
347,2026-06-17,롯데 자이언츠,SSG 랜더스,문학,announced_135
348,2026-06-17,키움 히어로즈,삼성 라이온즈,대구,announced_135
349,2026-06-17,LG 트윈스,KIA 타이거즈,광주,announced_135
350,2026-06-17,한화 이글스,NC 다이노스,창원,announced_135
351,2026-06-18,KT 위즈,두산 베어스,잠실,announced_135
352,2026-06-18,롯데 자이언츠,SSG 랜더스,문학,announced_135
353,2026-06-18,키움 히어로즈,삼성 라이온즈,대구,announced_135
354,2026-06-18,LG 트윈스,KIA 타이거즈,광주,announced_135
355,2026-06-18,한화 이글스,NC 다이노스,창원,announced_135
356,2026-06-19,두산 베어스,LG 트윈스,잠실,announced_135
357,2026-06-19,롯데 자이언츠,키움 히어로즈,고척,announced_135
358,2026-06-19,KIA 타이거즈,KT 위즈,수원,announced_135
359,2026-06-19,삼성 라이온즈,한화 이글스,대전,announced_135
360,2026-06-19,SSG 랜더스,NC 다이노스,창원,announced_135
361,2026-06-20,두산 베어스,LG 트윈스,잠실,announced_135
362,2026-06-20,롯데 자이언츠,키움 히어로즈,고척,announced_135
363,2026-06-20,KIA 타이거즈,KT 위즈,수원,announced_135
364,2026-06-20,삼성 라이온즈,한화 이글스,대전,announced_135
365,2026-06-20,SSG 랜더스,NC 다이노스,창원,announced_135
366,2026-06-21,두산 베어스,LG 트윈스,잠실,announced_135
367,2026-06-21,롯데 자이언츠,키움 히어로즈,고척,announced_135
368,2026-06-21,KIA 타이거즈,KT 위즈,수원,announced_135
369,2026-06-21,삼성 라이온즈,한화 이글스,대전,announced_135
370,2026-06-21,SSG 랜더스,NC 다이노스,창원,announced_135
371,2026-06-23,삼성 라이온즈,LG 트윈스,잠실,announced_135
372,2026-06-23,KIA 타이거즈,키움 히어로즈,고척,announced_135
373,2026-06-23,SSG 랜더스,KT 위즈,수원,announced_135
374,2026-06-23,두산 베어스,한화 이글스,대전,announced_135
375,2026-06-23,NC 다이노스,롯데 자이언츠,사직,announced_135
376,2026-06-24,삼성 라이온즈,LG 트윈스,잠실,announced_135
377,2026-06-24,KIA 타이거즈,키움 히어로즈,고척,announced_135
378,2026-06-24,SSG 랜더스,KT 위즈,수원,announced_135
379,2026-06-24,두산 베어스,한화 이글스,대전,announced_135
380,2026-06-24,NC 다이노스,롯데 자이언츠,사직,announced_135
381,2026-06-25,삼성 라이온즈,LG 트윈스,잠실,announced_135
382,2026-06-25,KIA 타이거즈,키움 히어로즈,고척,announced_135
383,2026-06-25,SSG 랜더스,KT 위즈,수원,announced_135
384,2026-06-25,두산 베어스,한화 이글스,대전,announced_135
385,2026-06-25,NC 다이노스,롯데 자이언츠,사직,announced_135
386,2026-06-26,KIA 타이거즈,두산 베어스,잠실,announced_135
387,2026-06-26,한화 이글스,SSG 랜더스,문학,announced_135
388,2026-06-26,KT 위즈,삼성 라이온즈,대구,announced_135
389,2026-06-26,LG 트윈스,롯데 자이언츠,사직,announced_135
390,2026-06-26,키움 히어로즈,NC 다이노스,창원,announced_135
391,2026-06-27,KIA 타이거즈,두산 베어스,잠실,announced_135
392,2026-06-27,한화 이글스,SSG 랜더스,문학,announced_135
393,2026-06-27,KT 위즈,삼성 라이온즈,대구,announced_135
394,2026-06-27,LG 트윈스,롯데 자이언츠,사직,announced_135
395,2026-06-27,키움 히어로즈,NC 다이노스,창원,announced_135
396,2026-06-28,KIA 타이거즈,두산 베어스,잠실,announced_135
397,2026-06-28,한화 이글스,SSG 랜더스,문학,announced_135
398,2026-06-28,KT 위즈,삼성 라이온즈,대구,announced_135
399,2026-06-28,LG 트윈스,롯데 자이언츠,사직,announced_135
400,2026-06-28,키움 히어로즈,NC 다이노스,창원,announced_135
401,2026-06-30,롯데 자이언츠,두산 베어스,잠실,announced_135
402,2026-06-30,LG 트윈스,키움 히어로즈,고척,announced_135
403,2026-06-30,KT 위즈,한화 이글스,대전,announced_135
404,2026-06-30,SSG 랜더스,KIA 타이거즈,광주,announced_135
405,2026-06-30,삼성 라이온즈,NC 다이노스,창원,announced_135
406,2026-07-01,롯데 자이언츠,두산 베어스,잠실,announced_135
407,2026-07-01,LG 트윈스,키움 히어로즈,고척,announced_135
408,2026-07-01,KT 위즈,한화 이글스,대전,announced_135
409,2026-07-01,SSG 랜더스,KIA 타이거즈,광주,announced_135
410,2026-07-01,삼성 라이온즈,NC 다이노스,창원,announced_135
411,2026-07-02,롯데 자이언츠,두산 베어스,잠실,announced_135
412,2026-07-02,LG 트윈스,키움 히어로즈,고척,announced_135
413,2026-07-02,KT 위즈,한화 이글스,대전,announced_135
414,2026-07-02,SSG 랜더스,KIA 타이거즈,광주,announced_135
415,2026-07-02,삼성 라이온즈,NC 다이노스,창원,announced_135
416,2026-07-03,한화 이글스,LG 트윈스,잠실,announced_135
417,2026-07-03,두산 베어스,키움 히어로즈,고척,announced_135
418,2026-07-03,삼성 라이온즈,SSG 랜더스,문학,announced_135
419,2026-07-03,롯데 자이언츠,KT 위즈,수원,announced_135
420,2026-07-03,NC 다이노스,KIA 타이거즈,광주,announced_135
421,2026-07-04,한화 이글스,LG 트윈스,잠실,announced_135
422,2026-07-04,두산 베어스,키움 히어로즈,고척,announced_135
423,2026-07-04,삼성 라이온즈,SSG 랜더스,문학,announced_135
424,2026-07-04,롯데 자이언츠,KT 위즈,수원,announced_135
425,2026-07-04,NC 다이노스,KIA 타이거즈,광주,announced_135
426,2026-07-05,한화 이글스,LG 트윈스,잠실,announced_135
427,2026-07-05,두산 베어스,키움 히어로즈,고척,announced_135
428,2026-07-05,삼성 라이온즈,SSG 랜더스,문학,announced_135
429,2026-07-05,롯데 자이언츠,KT 위즈,수원,announced_135
430,2026-07-05,NC 다이노스,KIA 타이거즈,광주,announced_135
431,2026-07-07,SSG 랜더스,두산 베어스,잠실,announced_135
432,2026-07-07,키움 히어로즈,KT 위즈,수원,announced_135
433,2026-07-07,NC 다이노스,한화 이글스,대전,announced_135
434,2026-07-07,LG 트윈스,삼성 라이온즈,대구,announced_135
435,2026-07-07,KIA 타이거즈,롯데 자이언츠,사직,announced_135
436,2026-07-08,SSG 랜더스,두산 베어스,잠실,announced_135
437,2026-07-08,키움 히어로즈,KT 위즈,수원,announced_135
438,2026-07-08,NC 다이노스,한화 이글스,대전,announced_135
439,2026-07-08,LG 트윈스,삼성 라이온즈,대구,announced_135
440,2026-07-08,KIA 타이거즈,롯데 자이언츠,사직,announced_135
441,2026-07-09,SSG 랜더스,두산 베어스,잠실,announced_135
442,2026-07-09,키움 히어로즈,KT 위즈,수원,announced_135
443,2026-07-09,NC 다이노스,한화 이글스,대전,announced_135
444,2026-07-09,LG 트윈스,삼성 라이온즈,대구,announced_135
445,2026-07-09,KIA 타이거즈,롯데 자이언츠,사직,announced_135
446,2026-07-16,KT 위즈,LG 트윈스,잠실,announced_135
447,2026-07-16,KIA 타이거즈,SSG 랜더스,문학,announced_135
448,2026-07-16,키움 히어로즈,한화 이글스,대전,announced_135
449,2026-07-16,롯데 자이언츠,삼성 라이온즈,대구,announced_135
450,2026-07-16,두산 베어스,NC 다이노스,창원,announced_135
451,2026-07-17,KT 위즈,LG 트윈스,잠실,announced_135
452,2026-07-17,KIA 타이거즈,SSG 랜더스,문학,announced_135
453,2026-07-17,키움 히어로즈,한화 이글스,대전,announced_135
454,2026-07-17,롯데 자이언츠,삼성 라이온즈,대구,announced_135
455,2026-07-17,두산 베어스,NC 다이노스,창원,announced_135
456,2026-07-18,KT 위즈,LG 트윈스,잠실,announced_135
457,2026-07-18,KIA 타이거즈,SSG 랜더스,문학,announced_135
458,2026-07-18,키움 히어로즈,한화 이글스,대전,announced_135
459,2026-07-18,롯데 자이언츠,삼성 라이온즈,대구,announced_135
460,2026-07-18,두산 베어스,NC 다이노스,창원,announced_135
461,2026-07-19,KT 위즈,LG 트윈스,잠실,announced_135
462,2026-07-19,KIA 타이거즈,SSG 랜더스,문학,announced_135
463,2026-07-19,키움 히어로즈,한화 이글스,대전,announced_135
464,2026-07-19,롯데 자이언츠,삼성 라이온즈,대구,announced_135
465,2026-07-19,두산 베어스,NC 다이노스,창원,announced_135
466,2026-07-21,NC 다이노스,LG 트윈스,잠실,announced_135
467,2026-07-21,삼성 라이온즈,키움 히어로즈,고척,announced_135
468,2026-07-21,두산 베어스,KT 위즈,수원,announced_135
469,2026-07-21,한화 이글스,KIA 타이거즈,광주,announced_135
470,2026-07-21,SSG 랜더스,롯데 자이언츠,사직,announced_135
471,2026-07-22,NC 다이노스,LG 트윈스,잠실,announced_135
472,2026-07-22,삼성 라이온즈,키움 히어로즈,고척,announced_135
473,2026-07-22,두산 베어스,KT 위즈,수원,announced_135
474,2026-07-22,한화 이글스,KIA 타이거즈,광주,announced_135
475,2026-07-22,SSG 랜더스,롯데 자이언츠,사직,announced_135
476,2026-07-23,NC 다이노스,LG 트윈스,잠실,announced_135
477,2026-07-23,삼성 라이온즈,키움 히어로즈,고척,announced_135
478,2026-07-23,두산 베어스,KT 위즈,수원,announced_135
479,2026-07-23,한화 이글스,KIA 타이거즈,광주,announced_135
480,2026-07-23,SSG 랜더스,롯데 자이언츠,사직,announced_135
481,2026-07-24,삼성 라이온즈,두산 베어스,잠실,announced_135
482,2026-07-24,NC 다이노스,SSG 랜더스,문학,announced_135
483,2026-07-24,LG 트윈스,한화 이글스,대전,announced_135
484,2026-07-24,키움 히어로즈,KIA 타이거즈,광주,announced_135
485,2026-07-24,KT 위즈,롯데 자이언츠,사직,announced_135
486,2026-07-25,삼성 라이온즈,두산 베어스,잠실,announced_135
487,2026-07-25,NC 다이노스,SSG 랜더스,문학,announced_135
488,2026-07-25,LG 트윈스,한화 이글스,대전,announced_135
489,2026-07-25,키움 히어로즈,KIA 타이거즈,광주,announced_135
490,2026-07-25,KT 위즈,롯데 자이언츠,사직,announced_135
491,2026-07-26,삼성 라이온즈,두산 베어스,잠실,announced_135
492,2026-07-26,NC 다이노스,SSG 랜더스,문학,announced_135
493,2026-07-26,LG 트윈스,한화 이글스,대전,announced_135
494,2026-07-26,키움 히어로즈,KIA 타이거즈,광주,announced_135
495,2026-07-26,KT 위즈,롯데 자이언츠,사직,announced_135
496,2026-07-28,키움 히어로즈,LG 트윈스,잠실,announced_135
497,2026-07-28,두산 베어스,SSG 랜더스,문학,announced_135
498,2026-07-28,롯데 자이언츠,한화 이글스,대전,announced_135
499,2026-07-28,KIA 타이거즈,삼성 라이온즈,대구,announced_135
500,2026-07-28,KT 위즈,NC 다이노스,창원,announced_135
501,2026-07-29,키움 히어로즈,LG 트윈스,잠실,announced_135
502,2026-07-29,두산 베어스,SSG 랜더스,문학,announced_135
503,2026-07-29,롯데 자이언츠,한화 이글스,대전,announced_135
504,2026-07-29,KIA 타이거즈,삼성 라이온즈,대구,announced_135
505,2026-07-29,KT 위즈,NC 다이노스,창원,announced_135
506,2026-07-30,키움 히어로즈,LG 트윈스,잠실,announced_135
507,2026-07-30,두산 베어스,SSG 랜더스,문학,announced_135
508,2026-07-30,롯데 자이언츠,한화 이글스,대전,announced_135
509,2026-07-30,KIA 타이거즈,삼성 라이온즈,대구,announced_135
510,2026-07-30,KT 위즈,NC 다이노스,창원,announced_135
511,2026-07-31,LG 트윈스,두산 베어스,잠실,announced_135
512,2026-07-31,SSG 랜더스,키움 히어로즈,고척,announced_135
513,2026-07-31,한화 이글스,KT 위즈,수원,announced_135
514,2026-07-31,삼성 라이온즈,롯데 자이언츠,사직,announced_135
515,2026-07-31,KIA 타이거즈,NC 다이노스,창원,announced_135
516,2026-08-01,LG 트윈스,두산 베어스,잠실,announced_135
517,2026-08-01,SSG 랜더스,키움 히어로즈,고척,announced_135
518,2026-08-01,한화 이글스,KT 위즈,수원,announced_135
519,2026-08-01,삼성 라이온즈,롯데 자이언츠,사직,announced_135
520,2026-08-01,KIA 타이거즈,NC 다이노스,창원,announced_135
521,2026-08-02,LG 트윈스,두산 베어스,잠실,announced_135
522,2026-08-02,SSG 랜더스,키움 히어로즈,고척,announced_135
523,2026-08-02,한화 이글스,KT 위즈,수원,announced_135
524,2026-08-02,삼성 라이온즈,롯데 자이언츠,사직,announced_135
525,2026-08-02,KIA 타이거즈,NC 다이노스,창원,announced_135
526,2026-08-04,NC 다이노스,두산 베어스,잠실,announced_135
527,2026-08-04,LG 트윈스,SSG 랜더스,문학,announced_135
528,2026-08-04,한화 이글스,삼성 라이온즈,대구,announced_135
529,2026-08-04,KT 위즈,KIA 타이거즈,광주,announced_135
530,2026-08-04,키움 히어로즈,롯데 자이언츠,사직,announced_135
531,2026-08-05,NC 다이노스,두산 베어스,잠실,announced_135
532,2026-08-05,LG 트윈스,SSG 랜더스,문학,announced_135
533,2026-08-05,한화 이글스,삼성 라이온즈,대구,announced_135
534,2026-08-05,KT 위즈,KIA 타이거즈,광주,announced_135
535,2026-08-05,키움 히어로즈,롯데 자이언츠,사직,announced_135
536,2026-08-06,NC 다이노스,두산 베어스,잠실,announced_135
537,2026-08-06,LG 트윈스,SSG 랜더스,문학,announced_135
538,2026-08-06,한화 이글스,삼성 라이온즈,대구,announced_135
539,2026-08-06,KT 위즈,KIA 타이거즈,광주,announced_135
540,2026-08-06,키움 히어로즈,롯데 자이언츠,사직,announced_135
541,2026-08-07,KIA 타이거즈,LG 트윈스,잠실,announced_135
542,2026-08-07,롯데 자이언츠,KT 위즈,수원,announced_135
543,2026-08-07,키움 히어로즈,한화 이글스,대전,announced_135
544,2026-08-07,두산 베어스,삼성 라이온즈,대구,announced_135
545,2026-08-07,SSG 랜더스,NC 다이노스,창원,announced_135
546,2026-08-08,KIA 타이거즈,LG 트윈스,잠실,announced_135
547,2026-08-08,롯데 자이언츠,KT 위즈,수원,announced_135
548,2026-08-08,키움 히어로즈,한화 이글스,대전,announced_135
549,2026-08-08,두산 베어스,삼성 라이온즈,대구,announced_135
550,2026-08-08,SSG 랜더스,NC 다이노스,창원,announced_135
551,2026-08-09,KIA 타이거즈,LG 트윈스,잠실,announced_135
552,2026-08-09,롯데 자이언츠,KT 위즈,수원,announced_135
553,2026-08-09,키움 히어로즈,한화 이글스,대전,announced_135
554,2026-08-09,두산 베어스,삼성 라이온즈,대구,announced_135
555,2026-08-09,SSG 랜더스,NC 다이노스,창원,announced_135
556,2026-08-11,한화 이글스,두산 베어스,잠실,announced_135
557,2026-08-11,LG 트윈스,키움 히어로즈,고척,announced_135
558,2026-08-11,롯데 자이언츠,SSG 랜더스,문학,announced_135
559,2026-08-11,삼성 라이온즈,KIA 타이거즈,광주,announced_135
560,2026-08-11,KT 위즈,NC 다이노스,창원,announced_135
561,2026-08-12,한화 이글스,두산 베어스,잠실,announced_135
562,2026-08-12,LG 트윈스,키움 히어로즈,고척,announced_135
563,2026-08-12,롯데 자이언츠,SSG 랜더스,문학,announced_135
564,2026-08-12,삼성 라이온즈,KIA 타이거즈,광주,announced_135
565,2026-08-12,KT 위즈,NC 다이노스,창원,announced_135
566,2026-08-13,한화 이글스,두산 베어스,잠실,announced_135
567,2026-08-13,LG 트윈스,키움 히어로즈,고척,announced_135
568,2026-08-13,롯데 자이언츠,SSG 랜더스,문학,announced_135
569,2026-08-13,삼성 라이온즈,KIA 타이거즈,광주,announced_135
570,2026-08-13,KT 위즈,NC 다이노스,창원,announced_135
571,2026-08-14,SSG 랜더스,LG 트윈스,잠실,announced_135
572,2026-08-14,키움 히어로즈,KT 위즈,수원,announced_135
573,2026-08-14,한화 이글스,삼성 라이온즈,대구,announced_135
574,2026-08-14,두산 베어스,KIA 타이거즈,광주,announced_135
575,2026-08-14,NC 다이노스,롯데 자이언츠,사직,announced_135
576,2026-08-15,SSG 랜더스,LG 트윈스,잠실,announced_135
577,2026-08-15,키움 히어로즈,KT 위즈,수원,announced_135
578,2026-08-15,한화 이글스,삼성 라이온즈,대구,announced_135
579,2026-08-15,두산 베어스,KIA 타이거즈,광주,announced_135
580,2026-08-15,NC 다이노스,롯데 자이언츠,사직,announced_135
581,2026-08-16,SSG 랜더스,LG 트윈스,잠실,announced_135
582,2026-08-16,키움 히어로즈,KT 위즈,수원,announced_135
583,2026-08-16,한화 이글스,삼성 라이온즈,대구,announced_135
584,2026-08-16,두산 베어스,KIA 타이거즈,광주,announced_135
585,2026-08-16,NC 다이노스,롯데 자이언츠,사직,announced_135
586,2026-08-18,KT 위즈,LG 트윈스,잠실,announced_135
587,2026-08-18,KIA 타이거즈,한화 이글스,대전,announced_135
588,2026-08-18,SSG 랜더스,삼성 라이온즈,대구,announced_135
589,2026-08-18,키움 히어로즈,롯데 자이언츠,사직,announced_135
590,2026-08-18,두산 베어스,NC 다이노스,창원,announced_135
591,2026-08-19,KT 위즈,LG 트윈스,잠실,announced_135
592,2026-08-19,KIA 타이거즈,한화 이글스,대전,announced_135
593,2026-08-19,SSG 랜더스,삼성 라이온즈,대구,announced_135
594,2026-08-19,키움 히어로즈,롯데 자이언츠,사직,announced_135
595,2026-08-19,두산 베어스,NC 다이노스,창원,announced_135
596,2026-08-20,KT 위즈,LG 트윈스,잠실,announced_135
597,2026-08-20,KIA 타이거즈,한화 이글스,대전,announced_135
598,2026-08-20,SSG 랜더스,삼성 라이온즈,대구,announced_135
599,2026-08-20,키움 히어로즈,롯데 자이언츠,사직,announced_135
600,2026-08-20,두산 베어스,NC 다이노스,창원,announced_135
601,2026-08-21,롯데 자이언츠,두산 베어스,잠실,announced_135
602,2026-08-21,KIA 타이거즈,키움 히어로즈,고척,announced_135
603,2026-08-21,KT 위즈,SSG 랜더스,문학,announced_135
604,2026-08-21,LG 트윈스,한화 이글스,대전,announced_135
605,2026-08-21,삼성 라이온즈,NC 다이노스,창원,announced_135
606,2026-08-22,롯데 자이언츠,두산 베어스,잠실,announced_135
607,2026-08-22,KIA 타이거즈,키움 히어로즈,고척,announced_135
608,2026-08-22,KT 위즈,SSG 랜더스,문학,announced_135
609,2026-08-22,LG 트윈스,한화 이글스,대전,announced_135
610,2026-08-22,삼성 라이온즈,NC 다이노스,창원,announced_135
611,2026-08-23,롯데 자이언츠,두산 베어스,잠실,announced_135
612,2026-08-23,KIA 타이거즈,키움 히어로즈,고척,announced_135
613,2026-08-23,KT 위즈,SSG 랜더스,문학,announced_135
614,2026-08-23,LG 트윈스,한화 이글스,대전,announced_135
615,2026-08-23,삼성 라이온즈,NC 다이노스,창원,announced_135
616,2026-08-25,NC 다이노스,LG 트윈스,잠실,announced_135
617,2026-08-25,삼성 라이온즈,키움 히어로즈,고척,announced_135
618,2026-08-25,한화 이글스,SSG 랜더스,문학,announced_135
619,2026-08-25,두산 베어스,KT 위즈,수원,announced_135
620,2026-08-25,롯데 자이언츠,KIA 타이거즈,광주,announced_135
621,2026-08-26,NC 다이노스,LG 트윈스,잠실,announced_135
622,2026-08-26,삼성 라이온즈,키움 히어로즈,고척,announced_135
623,2026-08-26,한화 이글스,SSG 랜더스,문학,announced_135
624,2026-08-26,두산 베어스,KT 위즈,수원,announced_135
625,2026-08-26,롯데 자이언츠,KIA 타이거즈,광주,announced_135
626,2026-08-27,NC 다이노스,LG 트윈스,잠실,announced_135
627,2026-08-27,삼성 라이온즈,키움 히어로즈,고척,announced_135
628,2026-08-27,한화 이글스,SSG 랜더스,문학,announced_135
629,2026-08-27,두산 베어스,KT 위즈,수원,announced_135
630,2026-08-27,롯데 자이언츠,KIA 타이거즈,광주,announced_135
631,2026-08-28,키움 히어로즈,두산 베어스,잠실,announced_135
632,2026-08-28,NC 다이노스,한화 이글스,대전,announced_135
633,2026-08-28,KT 위즈,삼성 라이온즈,대구,announced_135
634,2026-08-28,SSG 랜더스,KIA 타이거즈,광주,announced_135
635,2026-08-28,LG 트윈스,롯데 자이언츠,사직,announced_135
636,2026-08-29,키움 히어로즈,두산 베어스,잠실,announced_135
637,2026-08-29,NC 다이노스,한화 이글스,대전,announced_135
638,2026-08-29,KT 위즈,삼성 라이온즈,대구,announced_135
639,2026-08-29,SSG 랜더스,KIA 타이거즈,광주,announced_135
640,2026-08-29,LG 트윈스,롯데 자이언츠,사직,announced_135
641,2026-08-30,키움 히어로즈,두산 베어스,잠실,announced_135
642,2026-08-30,NC 다이노스,한화 이글스,대전,announced_135
643,2026-08-30,KT 위즈,삼성 라이온즈,대구,announced_135
644,2026-08-30,SSG 랜더스,KIA 타이거즈,광주,announced_135
645,2026-08-30,LG 트윈스,롯데 자이언츠,사직,announced_135
646,2026-09-01,LG 트윈스,두산 베어스,잠실,announced_135
647,2026-09-01,SSG 랜더스,키움 히어로즈,고척,announced_135
648,2026-09-01,한화 이글스,KT 위즈,수원,announced_135
649,2026-09-01,롯데 자이언츠,삼성 라이온즈,대구,announced_135
650,2026-09-01,KIA 타이거즈,NC 다이노스,창원,announced_135
651,2026-09-02,LG 트윈스,두산 베어스,잠실,announced_135
652,2026-09-02,SSG 랜더스,키움 히어로즈,고척,announced_135
653,2026-09-02,한화 이글스,KT 위즈,수원,announced_135
654,2026-09-02,롯데 자이언츠,삼성 라이온즈,대구,announced_135
655,2026-09-02,KIA 타이거즈,NC 다이노스,창원,announced_135
656,2026-09-03,LG 트윈스,두산 베어스,잠실,announced_135
657,2026-09-03,SSG 랜더스,키움 히어로즈,고척,announced_135
658,2026-09-03,한화 이글스,KT 위즈,수원,announced_135
659,2026-09-03,롯데 자이언츠,삼성 라이온즈,대구,announced_135
660,2026-09-03,KIA 타이거즈,NC 다이노스,창원,announced_135
661,2026-09-04,삼성 라이온즈,LG 트윈스,잠실,announced_135
662,2026-09-04,NC 다이노스,키움 히어로즈,고척,announced_135
663,2026-09-04,두산 베어스,SSG 랜더스,문학,announced_135
664,2026-09-04,KT 위즈,KIA 타이거즈,광주,announced_135
665,2026-09-04,한화 이글스,롯데 자이언츠,사직,announced_135
666,2026-09-05,삼성 라이온즈,LG 트윈스,잠실,announced_135
667,2026-09-05,NC 다이노스,키움 히어로즈,고척,announced_135
668,2026-09-05,두산 베어스,SSG 랜더스,문학,announced_135
669,2026-09-05,KT 위즈,KIA 타이거즈,광주,announced_135
670,2026-09-05,한화 이글스,롯데 자이언츠,사직,announced_135
671,2026-09-06,삼성 라이온즈,LG 트윈스,잠실,announced_135
672,2026-09-06,NC 다이노스,키움 히어로즈,고척,announced_135
673,2026-09-06,두산 베어스,SSG 랜더스,문학,announced_135
674,2026-09-06,KT 위즈,KIA 타이거즈,광주,announced_135
675,2026-09-06,한화 이글스,롯데 자이언츠,사직,announced_135
676,2026-09-08,두산 베어스,LG 트윈스,잠실,fixed_unassigned_9
677,2026-09-08,KT 위즈,키움 히어로즈,고척,fixed_unassigned_9
678,2026-09-08,삼성 라이온즈,SSG 랜더스,문학,fixed_unassigned_9
679,2026-09-08,한화 이글스,NC 다이노스,창원,fixed_unassigned_9
680,2026-09-08,KIA 타이거즈,롯데 자이언츠,사직,fixed_unassigned_9
681,2026-09-09,두산 베어스,키움 히어로즈,고척,fixed_unassigned_9
682,2026-09-09,SSG 랜더스,KT 위즈,수원,fixed_unassigned_9
683,2026-09-09,롯데 자이언츠,LG 트윈스,잠실,fixed_unassigned_9
684,2026-09-09,삼성 라이온즈,한화 이글스,대전,fixed_unassigned_9
685,2026-09-09,NC 다이노스,KIA 타이거즈,광주,fixed_unassigned_9
686,2026-09-10,LG 트윈스,SSG 랜더스,문학,fixed_unassigned_9
687,2026-09-10,키움 히어로즈,삼성 라이온즈,대구,fixed_unassigned_9
688,2026-09-10,KIA 타이거즈,KT 위즈,수원,fixed_unassigned_9
689,2026-09-10,롯데 자이언츠,한화 이글스,대전,fixed_unassigned_9
690,2026-09-10,NC 다이노스,두산 베어스,잠실,fixed_unassigned_9
691,2026-09-11,LG 트윈스,KT 위즈,수원,fixed_unassigned_9
692,2026-09-11,키움 히어로즈,SSG 랜더스,문학,fixed_unassigned_9
693,2026-09-11,한화 이글스,KIA 타이거즈,광주,fixed_unassigned_9
694,2026-09-11,롯데 자이언츠,NC 다이노스,창원,fixed_unassigned_9
695,2026-09-11,삼성 라이온즈,두산 베어스,잠실,fixed_unassigned_9
696,2026-09-12,두산 베어스,한화 이글스,대전,fixed_unassigned_9
697,2026-09-12,키움 히어로즈,LG 트윈스,잠실,fixed_unassigned_9
698,2026-09-12,KIA 타이거즈,SSG 랜더스,문학,fixed_unassigned_9
699,2026-09-12,삼성 라이온즈,롯데 자이언츠,사직,fixed_unassigned_9
700,2026-09-12,NC 다이노스,KT 위즈,수원,fixed_unassigned_9
701,2026-09-13,LG 트윈스,삼성 라이온즈,대구,fixed_unassigned_9
702,2026-09-13,SSG 랜더스,한화 이글스,대전,fixed_unassigned_9
703,2026-09-13,키움 히어로즈,NC 다이노스,창원,fixed_unassigned_9
704,2026-09-13,KT 위즈,롯데 자이언츠,사직,fixed_unassigned_9
705,2026-09-13,KIA 타이거즈,두산 베어스,잠실,fixed_unassigned_9
706,2026-09-15,LG 트윈스,KIA 타이거즈,광주,fixed_unassigned_9
707,2026-09-15,SSG 랜더스,롯데 자이언츠,사직,fixed_unassigned_9
708,2026-09-15,한화 이글스,키움 히어로즈,고척,fixed_unassigned_9
709,2026-09-15,NC 다이노스,삼성 라이온즈,대구,fixed_unassigned_9
710,2026-09-15,KT 위즈,두산 베어스,잠실,fixed_unassigned_9
711,2026-09-16,두산 베어스,롯데 자이언츠,사직,fixed_unassigned_9
712,2026-09-16,키움 히어로즈,KIA 타이거즈,광주,fixed_unassigned_9
713,2026-09-16,한화 이글스,LG 트윈스,잠실,fixed_unassigned_9
714,2026-09-16,삼성 라이온즈,KT 위즈,수원,fixed_unassigned_9
715,2026-09-16,NC 다이노스,SSG 랜더스,문학,fixed_unassigned_9
716,2026-09-17,LG 트윈스,NC 다이노스,창원,fixed_unassigned_9
717,2026-09-17,KT 위즈,한화 이글스,대전,fixed_unassigned_9
718,2026-09-17,KIA 타이거즈,삼성 라이온즈,대구,fixed_unassigned_9
719,2026-09-17,롯데 자이언츠,키움 히어로즈,고척,fixed_unassigned_9
720,2026-09-17,SSG 랜더스,두산 베어스,잠실,fixed_unassigned_9
